title,category,organization,notes,date_created,date_updated,url
Pupil Attainment,"Education, Skills and Training",Scottish Government,Number of pupils who attained a given number of qualifications by level and stage.,2014-07-29,2021-03-31,http://statistics.gov.scot/data/pupil-attainment
Alcohol Related Hospital Discharges,Health and Social Care,Public Health Scotland,Number and European Age-sex Standardised Rates (EASRs) of general acute inpatient and day case discharges with an alcohol-related diagnosis.,2014-07-29,2021-10-12,http://statistics.gov.scot/data/alcohol-related-discharge
"Business - Births, Deaths and Survival Rates","Business, Enterprise and Energy",Office for National Statistics,"Number and rate (per 10,000 adults) of VAT/PAYE registrations, de-registrations and business survival rates",2014-07-29,2021-05-06,http://statistics.gov.scot/data/business-births-deaths-and-survival-rates
Earnings,"Economic Activity, Benefits and Tax Credits",Scottish Government,"Mean and median gross weekly earnings (Â£s) by gender, working pattern and workplace/residence measure. ",2014-07-29,2021-08-02,http://statistics.gov.scot/data/earnings
Economic Inactivity,"Economic Activity, Benefits and Tax Credits",Scottish Government,Economic inactivity level and rate by gender,2014-07-29,2021-10-06,http://statistics.gov.scot/data/economic-inactivity
House Prices,Housing,Scottish Government,Value of residential property transactions,2014-07-29,2021-04-16,http://statistics.gov.scot/data/house-sales-prices
Regional Gross Value Added (GVA),"Business, Enterprise and Energy",Office for National Statistics,Regional Gross Value Added (GVA)  by local authority area by year,2014-07-29,2020-10-16,http://statistics.gov.scot/data/gross-value-added
Job Related Training,"Economic Activity, Benefits and Tax Credits",Scottish Government,"Number, and percent, of people receiving job related training in the last 3 months.",2014-07-29,2016-02-09,http://statistics.gov.scot/data/job-related-training
School Leaver Destinations - Follow Up,"Education, Skills and Training",Scottish Government,"Number, and percent, of school leavers by destination from follow up survey",2014-07-29,2021-03-31,http://statistics.gov.scot/data/school-leaver-destinations-followup
Natural Features (National Indicator),Environment,Scottish Natural Heritage,"Percent of natural features, on protected nature sites, in favourable condition",2014-07-29,2020-10-23,http://statistics.gov.scot/data/natural-features
National Performance Framework,Management Information,Scottish Government,"Data underlying the National Performance Framework Indicators. These give a measure of national wellbeing including a range of economic, social and environmental indicators. ",2019-12-18,2021-11-18,http://statistics.gov.scot/data/national-performance-framework
Road Vehicles,Transport,Transport Scotland,"Road vehicle numbers, household car ownership and fuel consumption",2014-07-29,2021-10-25,http://statistics.gov.scot/data/road-vehicles
Low Birthweight,Health and Social Care,Public Health Scotland,"Number, and percent, of low birthweight (less than 2500g) babies (single births).",2014-07-29,2021-09-03,http://statistics.gov.scot/data/low-birthweight
Income Support Claimants,"Economic Activity, Benefits and Tax Credits",Department for Work and Pensions,Number of income support claimants by age and gender (age split not available for gender).,2014-07-29,2016-02-09,http://statistics.gov.scot/data/income-support-claimants
Child Benefit - Children,"Economic Activity, Benefits and Tax Credits",HM Revenue and Customs,Geographical analysis of Child Benefit at small area levels. Number of children in a live Child Benefit award as at 31st August.,2017-05-17,2020-08-28,http://statistics.gov.scot/data/child-benefit
Terrestrial Breeding Birds,Environment,Scottish Natural Heritage,Index of abundance of terrestrial breeding birds (1994=100),2014-07-29,2020-03-25,http://statistics.gov.scot/data/terrestrial-breeding-birds
Healthy Life Expectancy,Population,National Records of Scotland,"Years of Healthy Life Expectancy (including confidence intervals) by age, sex, deprivation, and urban rural classification",2014-07-29,2021-02-03,http://statistics.gov.scot/data/healthy-life-expectancy
Buildings at Risk Register,Environment,Scottish Government,Percent of A-listed buildings on the Buildings at Risk Register (BARR),2014-07-29,2021-11-29,http://statistics.gov.scot/data/buildings-at-risk-register
Disability Living Allowance,Health and Social Care,Department for Work and Pensions,Number of Disability Living Allowance claimants by age group and gender.,2014-07-29,2016-02-09,http://statistics.gov.scot/data/disability-living-allowance
Recorded Crimes and Offences,Crime and Justice,Scottish Government,"Number, and rate per 10,000 population, of crimes and offences recorded by the police",2014-07-29,2021-08-27,http://statistics.gov.scot/data/recorded-crime
Emergency Repeat Admissions,Health and Social Care,Public Health Scotland,Percent of people aged 65+ who are admitted as an emergency to hospitals at least twice within 12 months.,2014-07-29,2021-09-03,http://statistics.gov.scot/data/emergency-repeat-admissions
Home Care Services,Health and Social Care,Scottish Government,"Number of hours of home care provided by local authority, and number of clients receiving home care from LA and private/voluntary providers.",2014-07-29,2016-02-09,http://statistics.gov.scot/data/home-care-services
Scottish Housing Quality Standard (SHQS),Housing,Scottish Government,Indicators from the Scottish House Condition Survey (SHCS),2014-07-29,2016-02-09,http://statistics.gov.scot/data/shqs
Infant Deaths,Population,National Records of Scotland,"Number of infant deaths (stillbirth, perinatal and those aged under 1 year old).",2014-07-29,2020-10-01,http://statistics.gov.scot/data/infant-deaths
Home Care Clients,Health and Social Care,Scottish Government,"Number and rate per 1,000 population of home care clients by age and gender.",2014-07-29,2020-03-25,http://statistics.gov.scot/data/home-care-clients
Standard Geography Code Register,Geography,Scottish Government,The geography Entities (levels such as Council Area - S12) and Instances (areas such as Glasgow City - S12000046),2014-07-29,2021-10-12,http://statistics.gov.scot/data/standard-geography-code-register
Looked After Children,Children and Young People,Scottish Government,Information about the number of looked after children by type of care setting.,2014-07-29,2019-08-22,http://statistics.gov.scot/data/looked-after-children
Local Authority Housing Council Housing,Housing,Scottish Government,"Number of lettings, evictions and abandonments of local authority housing.",2014-07-29,2016-02-09,http://statistics.gov.scot/data/local-authority-housing-council-housing
House Sales,Housing,Scottish Government,Number of house sales,2014-07-29,2021-04-16,http://statistics.gov.scot/data/house-sales
Annual Business Survey,"Business, Enterprise and Energy",Scottish Government,"Financial and employment data by broad industry by year. Annual Business Survey (ABS) provides data mainly on the Production (including Manufacturing), Construction and Service Sectors in Scotland. The statistics are best suited to the analysis of individual industries rather than the economy as a whole. ",2017-03-17,2021-10-25,http://statistics.gov.scot/data/annual-business-survey
Measles Mumps Rubella (MMR) Immunisation,Health and Social Care,Public Health Scotland,"Number, and percent of, children who were immunised against measles, mumps and rubella by 5 years of age",2014-07-29,2021-09-03,http://statistics.gov.scot/data/measles-mumps-rubella
Population Estimates - Census 2001,Population,National Records of Scotland,"Population from Census Day, 29 April 2001 (number of people).",2014-07-29,2019-10-07,http://statistics.gov.scot/data/census-population-2001
Business Demography - Births and Deaths,"Business, Enterprise and Energy",Scottish Government,"Number and rate (per 10,000 adults) of VAT/PAYE registrations and de-registrations.",2018-04-11,2021-09-23,http://statistics.gov.scot/data/business-demography---births-and-deaths
Hospital Admissions,Health and Social Care,Public Health Scotland,Number of admissions to non-psychiatric/non-obstetric hospitals in Scotland.,2014-07-29,2021-09-10,http://statistics.gov.scot/data/hospital-admissions
School Pupil Census,"Education, Skills and Training",Scottish Government,Information from the School Pupil Census,2014-07-29,2021-03-31,http://statistics.gov.scot/data/school-pupil-census
School Attendance Rate,"Education, Skills and Training",Scottish Government,Attendance rate of pupils attending publicly funded schools,2014-07-29,2021-03-05,http://statistics.gov.scot/data/school-attendance-rate
Employment and Support Allowance,"Economic Activity, Benefits and Tax Credits",Department for Work and Pensions,"Number of Employment and Support Allowance claimants by age, gender, and ethnicity.",2014-07-29,2016-02-09,http://statistics.gov.scot/data/employment-support-allowance
Community Orders,Crime and Justice,Scottish Government,"Number of Social Work Orders given by type, age, gender, employment status and ethnicity.",2014-07-29,2021-02-19,http://statistics.gov.scot/data/community-orders
Social Work Orders Commenced,Crime and Justice,Scottish Government,"Number of social work orders commenced in each local authority area from 2004-05 onwards, broken down by type of order",2017-02-21,2021-03-08,http://statistics.gov.scot/data/social-work-orders-commenced
Organisations,Reference,Scottish Government,A dataset with all of the organisations involved in creating and publishing statistics on this site.,2014-07-29,2019-05-22,http://statistics.gov.scot/data/organisations
Business Site Counts,"Business, Enterprise and Energy",Scottish Government,Number of business sites by sector and employee size band by SIC 2007.,2014-07-29,2021-02-19,http://statistics.gov.scot/data/business-site-counts
Business Stocks and Sites,"Business, Enterprise and Energy",Scottish Government,"Number and rate (per 10,000 adults) of VAT/PAYE registered stocks and sites operating in Scotland.",2018-05-22,2021-09-09,http://statistics.gov.scot/data/business-stocks-and-sites
Carbon Footprint,Environment,Scottish Government,Greenhouse gas emissions that are associated with the consumption by Scottish residents on goods and services and by private heating and motoring,2014-07-29,2021-07-21,http://statistics.gov.scot/data/carbon-footprint
Primary 1 Children Body Mass Index - Clinical,Health and Social Care,Public Health Scotland,"Percent of children who are classed as healthy weight, overweight, obese or severely obese at their Primary 1 review.",2014-07-29,2021-09-03,http://statistics.gov.scot/data/p1-BMI-clinical
Home Care Client Group,Health and Social Care,Scottish Government,"Number of home care clients by care type or disability. Number and rate per 1,000 population of home care clients by disability/condition",2014-07-29,2017-05-25,http://statistics.gov.scot/data/home-care-client-group
Care Homes: Occupancy Rate,Health and Social Care,Public Health Scotland,"Occupancy rate in care homes, for different main client groups and across care sectors",2014-07-29,2021-09-03,http://statistics.gov.scot/data/occupancy-rate-in-care-homes
Deaths,Population,National Records of Scotland,Numbers of deaths registered by cause.,2014-07-29,2021-03-17,http://statistics.gov.scot/data/deaths
Travel to Work and Other Purposes,Transport,Transport Scotland,"Statistics on what mode of transport (walking, cycling, car, bus, train) people usually use to get to work and education, purposes of journeys made by Scottish people.",2014-07-29,2021-10-25,http://statistics.gov.scot/data/travel-to-work-other
Crime Clear up Rates,Crime and Justice,Scottish Government,Crimes cleared up by the police as a percentage of those recorded.,2014-07-29,2021-09-01,http://statistics.gov.scot/data/crime-clear-up-rates
Care Homes: Places,Health and Social Care,Public Health Scotland,"The number and ratio (per 1000 adults) of registered places in care homes, for different main client groups and across care sectors",2014-07-29,2021-09-03,http://statistics.gov.scot/data/places-in-care-homes
Dwellings per Hectare,Housing,National Records of Scotland,Number of dwellings per hectare.,2014-07-29,2021-06-25,http://statistics.gov.scot/data/dwellings-hectare
Concessionary Travel Cards,Transport,Transport Scotland,"Number of concessionary cards issued to all adults, and adults aged over 60",2014-07-29,2021-04-12,http://statistics.gov.scot/data/concessionary-cards
Criminal Justice Social Work Reports,Crime and Justice,Scottish Government,Number of criminal justice social work reports (CJSWRs) by various characteristics. These were formerly (prior to 2011) called Social Enquiry Reports.,2014-07-29,2021-03-08,http://statistics.gov.scot/data/social-work-reports
Travel times to key services by car or public transport,Access to Services,Scottish Government,Travel times (minutes) to key services by car or public transport,2014-07-29,2021-07-20,http://statistics.gov.scot/data/travel-times
Primary 1 BMI Distribution,Health and Social Care,Public Health Scotland,Number of P1 BMI Reviews. Clinical and Epidemiological category measurements are provided in separate datasets.,2014-07-29,2021-09-03,http://statistics.gov.scot/data/p1-reviews
Breached Order Applications,Crime and Justice,Scottish Government,Number of breaches applications for social work orders by order type.,2014-07-29,2021-10-12,http://statistics.gov.scot/data/breached-order-applications
Community Payback Orders: Breach Applications,Crime and Justice,Scottish Government,"Breach applications during the life of Community Payback Orders which were completed/terminated in each year from 2012-13, by gender. ",2019-06-19,2021-03-08,http://statistics.gov.scot/data/community-payback-orders-breach-applications
Cancer Registrations (1997 to 2009),Health and Social Care,Public Health Scotland,Number of cancer registrations by type and gender.,2014-07-29,2021-09-03,http://statistics.gov.scot/data/cancer-registrations
Greenhouse Gas Emissions,Environment,Scottish Government,"This contains the results of the Scottish Greenhouse Gas Inventory, which is the key tool for understanding the origins and magnitudes of greenhouse emissions",2014-07-29,2021-07-21,http://statistics.gov.scot/data/greenhouse-gas
Derelict and Urban Vacant Land,Community Wellbeing and Social Environment,Scottish Government,Area of Derelict and Urban Vacant Land (hectares),2014-07-29,2020-10-02,http://statistics.gov.scot/data/vacant-derelict-land
Primary 1 Children Body Mass Index - Epidemiological,Health and Social Care,Public Health Scotland,"Percent of children who are classed as healthy weight, overweight, obese or severely obese at their Primary 1 review.",2014-07-29,2021-09-03,http://statistics.gov.scot/data/p1-BMI-epi
Home Care Client Living Arrangements,Health and Social Care,Scottish Government,"Number and rate per 1,000 population of home care clients by living arrangement",2014-07-29,2017-05-25,http://statistics.gov.scot/data/home-care-client-living-arrangements
"Historical Population Estimates (pre-2001, historical geographic boundaries)",Population,National Records of Scotland,Historical estimates by gender and age (pre-2001),2014-07-29,2020-09-04,http://statistics.gov.scot/data/historical-population-estimates
Dependency Ratio,Population,National Records of Scotland,The population of children (aged 0 to 15) and older people (aged 65 and over) expressed as a percentage of people aged 16 to 64,2014-07-29,2021-06-25,http://statistics.gov.scot/data/population-estimates-dependency
Employment,"Economic Activity, Benefits and Tax Credits",Scottish Government,Employment level and rate by age and gender.,2014-07-29,2021-10-06,http://statistics.gov.scot/data/employment
Births,Population,National Records of Scotland,"Number of births by gender that were registered in a calendar year, or occurred in a mid-year period (1 July to 30 June). ",2014-07-29,2021-03-17,http://statistics.gov.scot/data/births
Economic Activity,"Economic Activity, Benefits and Tax Credits",Scottish Government,Economic activity level and rate by gender,2014-07-29,2021-10-06,http://statistics.gov.scot/data/economic-activity
Pupil Attainment (English and Maths),"Education, Skills and Training",Scottish Government,Number of pupils who attained gained awards in English and Maths at SCQF Level 3 or above.,2014-07-29,2021-03-31,http://statistics.gov.scot/data/pupil-attainment-em
Urban Rural Classification (6-Fold),Geography,Scottish Government,Urban Rural Classification (6-Fold),2014-07-29,2018-04-12,http://statistics.gov.scot/data/urban-rural-classification
Geographic Area - 2001 Census,Community Wellbeing and Social Environment,Scottish Government,Geographic Area - 2001 Census,2014-07-29,2019-08-30,http://statistics.gov.scot/data/geographic-area-2001
Land Area (based on 2001 Data Zones),Geography,Scottish Government,Land area in hectares based on aggregating 2001 Data Zone data.,2017-02-01,2020-08-24,http://statistics.gov.scot/data/land-area-2001-data-zone-based
Population living in close proximity to a derelict site,Community Wellbeing and Social Environment,Scottish Government,Percent of people living within 500 metres of a derelict site.,2014-07-29,2019-06-25,http://statistics.gov.scot/data/proximity-to-derelict-site
Reconvictions,Crime and Justice,Scottish Government,Reconviction rates by offenders' gender and age,2014-07-29,2021-10-28,http://statistics.gov.scot/data/reconvictions
Places in Care Homes with En-Suite Facilities,Health and Social Care,Scottish Government,Percentage of places in Care Homes which have ensuite facilities,2014-07-29,2019-08-26,http://statistics.gov.scot/data/ensuite-places-in-care-homes
Pension Credits,"Economic Activity, Benefits and Tax Credits",Department for Work and Pensions,Number of Pension Credit claimants by age and gender.,2014-07-29,2016-02-09,http://statistics.gov.scot/data/pension-credits
State Retirement Pension,Labour Force,Scottish Government,Number of State Pension claimants by age and gender.,2014-07-29,2016-02-03,http://statistics.gov.scot/data/retirement-pension
School Leaver Destinations Initial,"Education, Skills and Training",Scottish Government,"Number, and percent, of school leavers by destination from initial survey",2014-07-29,2021-03-31,http://statistics.gov.scot/data/school-leaver-destinations
Breastfeeding,Health and Social Care,Public Health Scotland,"Number, and percentage of, babies being breastfed or exclusively breastfed by review stage.",2014-07-29,2021-09-03,http://statistics.gov.scot/data/breastfeeding
Court Process Times,Crime and Justice,Scottish Government,Percentage of summary criminal cases dealt with within 26 weeks.,2014-07-29,2021-03-10,http://statistics.gov.scot/data/court-process-times
Full-Time and Part-Time Employment,Labour Force,Office for National Statistics,Number and percentage of people in full time and part time employment (aged 16+),2014-07-29,2021-10-06,http://statistics.gov.scot/data/full-time-employment
Intensive Home Care,Health and Social Care,Scottish Government,Percent of people aged 65+ with high levels of care needs who are cared for at home,2014-07-29,2016-02-10,http://statistics.gov.scot/data/intensive-home-care
Municipal Waste,Environment,SEPA,Municipal Waste (tonnes) and arising per capita (kgs),2014-07-29,2016-02-09,http://statistics.gov.scot/data/municipal-waste
Probation Orders By Length,Crime and Justice,Scottish Government,Number of probation orders commenced by length.,2014-07-29,2021-10-12,http://statistics.gov.scot/data/probation-orders-by-length
DTP/Pol/Hib Immunisation,Health and Social Care,Public Health Scotland,"Number, and percent, of children who have completed their primary immunisation course of the DTP/Pol/Hib vaccine by 24 months of age. Also known as the '5-in-1' vaccination. ",2014-07-29,2021-10-12,http://statistics.gov.scot/data/dtp-pol-hib-uptake-by-24-months
Working Age Claimants Of Key Benefits,"Economic Activity, Benefits and Tax Credits",Scottish Government,Number of working age claimants of key benefits by age,2014-07-29,2016-02-03,http://statistics.gov.scot/data/working-age-claimants-of-benefits-key
Generation and Management of Household Waste,Environment,SEPA,Household waste presented by waste category and method of management,2014-07-29,2021-08-30,http://statistics.gov.scot/data/household-waste
Poverty,Community Wellbeing and Social Environment,Scottish Government,The number and proportions of people living in private households with an equivalised income of less than 60% of the UK median before housing costs.,2014-07-29,2021-06-10,http://statistics.gov.scot/data/poverty
Poverty (all people),Community Wellbeing and Social Environment,Scottish Government,Official Statistics of the number and proportions of people in poverty. Various poverty measures and breakdowns are available.,2021-05-12,2021-05-12,http://statistics.gov.scot/data/poverty-all-people
Ante-Natal Smoking,Health and Social Care,Public Health Scotland,Number and percentage of mothers reporting their smoking status at ante-natal booking visit in the community or at hospital.,2014-07-29,2021-09-03,http://statistics.gov.scot/data/smoking-at-booking
Road Casualties,Transport,Transport Scotland,Number of people killed and seriously injured on Scotland's roads by age and gender.,2014-07-29,2021-10-28,http://statistics.gov.scot/data/road-safety
Social Work Staffing,Health and Social Care,Scottish Government,"Number, and WTE, of social work staff by gender",2014-07-29,2016-03-11,http://statistics.gov.scot/data/social-work-staffing
Scottish Health Survey,Health and Social Care,Scottish Government,Indicators of population health and related risk factors from the Scottish Health Survey.,2014-07-29,2021-02-24,http://statistics.gov.scot/data/scottish-health-survey
Scottish Health Survey-Scotland level data,Health and Social Care,Scottish Government,Indicators of population health and related risk factors from the Scottish Health Survey (2008-2019).,2019-09-24,2021-10-28,http://statistics.gov.scot/data/scottish-health-survey-scotland-level-data
Incapacity Benefit and Severe Disablement Claimants,"Economic Activity, Benefits and Tax Credits",Department for Work and Pensions,Number of people claiming incapacity benefits and/or severe disablement allowance,2014-07-29,2021-02-24,http://statistics.gov.scot/data/incapacity-benefit-claimants
Unemployment Model Based Estimates,"Economic Activity, Benefits and Tax Credits",Scottish Government,Unemployment Model Based Estimates (level and rate),2014-07-29,2021-10-06,http://statistics.gov.scot/data/unemployment-model-based-estimates
Places In Single Rooms In Care Homes,Health and Social Care,Scottish Government,Percentage of single room places in Care Homes by type of provision.,2014-07-29,2019-08-26,http://statistics.gov.scot/data/places-in-single-rooms-in-care-homes
Council House Sales,Housing,Scottish Government,Number of council house sales to sitting tenants by housing type.,2014-07-29,2017-10-25,http://statistics.gov.scot/data/council-house-sales
Care Homes: Number of Homes,Health and Social Care,Public Health Scotland,The number of care homes for different main client groups and across care sectors,2014-07-29,2021-09-03,http://statistics.gov.scot/data/number-of-care-homes
Supervised Attendance Orders By Length,Crime and Justice,Scottish Government,Number of supervised attendance orders commenced by length,2014-07-29,2021-10-12,http://statistics.gov.scot/data/supervised-attendance-orders-by-length
Never Worked,Labour Force,Scottish Government,"Number, and percent, of people aged 16+ who have never had a paid or unpaid job",2014-07-29,2016-02-09,http://statistics.gov.scot/data/never-worked
Pupil Attainment (Additional Support Needs),"Education, Skills and Training",Scottish Government,Number of pupils with additional support needs (ASN) who attained a given number of qualifications by level and stage.,2014-07-29,2021-03-31,http://statistics.gov.scot/data/pupil-attainment-asn
Drug Related Hospital Discharge,Health and Social Care,Public Health Scotland,Number and European Age-sex Standardised Rates (EASRs) of general acute inpatient and day case stays with a drug-related diagnosis.,2014-07-29,2021-09-03,http://statistics.gov.scot/data/drug-related-discharge
Income And Poverty Modelled Estimates,Community Wellbeing and Social Environment,Scottish Government,"This dataset includes information about estimated household income, and percent of households with low incomes.",2014-07-29,2016-02-10,http://statistics.gov.scot/data/income-and-poverty-modelled-estimates
Dwellings by Type,Housing,National Records of Scotland,Number of dwellings by type,2014-07-29,2021-05-17,http://statistics.gov.scot/data/dwellings-type
Outdoor Visits (National Indicator),Environment,Scottish Government,Percent of adults making one or more visits to the outdoors per week,2014-07-29,2020-10-23,http://statistics.gov.scot/data/outdoor-visits
Road Transport Expenditure,Transport,Transport Scotland,Local and central government transport expenditure,2014-07-29,2021-05-20,http://statistics.gov.scot/data/road-transport-expenditure
Job Seeker's Allowance Claimants,"Economic Activity, Benefits and Tax Credits",Department for Work and Pensions,"Number, and percent, of people claiming Job Seeker's Allowance by gender and age.",2014-07-29,2016-02-09,http://statistics.gov.scot/data/job-seekers-allowance
Dwellings by Council Tax Band,Housing,National Records of Scotland,"Number of dwellings by Council Tax band, and percentage of dwellings in each Council Tax band.",2014-07-29,2021-06-25,http://statistics.gov.scot/data/dwellings-council-tax
Dwellings by Number of Rooms,Housing,National Records of Scotland,Number of dwellings by number of rooms within the dwelling,2014-07-29,2021-05-17,http://statistics.gov.scot/data/dwellings-rooms
Public Transport,Transport,Transport Scotland,"Number of bus passenger journeys and bus vehicle kilometres on all services, passenger train stations and satisfaction with public transport. 

Figures for the convenience of public transport are from the Scottish Household Survey (SHS).  Note that the public convenience data is no longer updated as the question was withdrawn from the survey.",2014-07-29,2021-10-25,http://statistics.gov.scot/data/public-transport
Attendance Allowance,"Economic Activity, Benefits and Tax Credits",Scottish Government,"Number of people claiming Attendance Allowance by age, gender and rate of award",2014-07-29,2016-02-10,http://statistics.gov.scot/data/attendance-allowance
Qualifications of working age adults,"Education, Skills and Training",Scottish Government,Percent of people with a given highest qualification level.,2014-07-29,2016-02-09,http://statistics.gov.scot/data/qualifications-working-age-people
Disability Living Allowance (Care Component),Health and Social Care,Department for Work and Pensions,Number of Disability Living Allowance claimants by lev of Care Component,2014-07-29,2016-02-09,http://statistics.gov.scot/data/disability-living-allowance-component
Fuel Poverty (Scottish House Condition Survey),Community Wellbeing and Social Environment,Scottish Government,Number of households in fuel poverty and extreme fuel poverty by selected dwelling and household characteristics.,2014-07-29,2021-06-14,http://statistics.gov.scot/data/fuel-poverty-shcs
Child Dental Health,Health and Social Care,Public Health Scotland,Percentage of P1 children in Scotland with no obvious decay experience.,2014-07-29,2021-09-03,http://statistics.gov.scot/data/child-dental-health
Age of First Time Mothers,Health and Social Care,Public Health Scotland,"Number and percentage of first time mothers who are aged 19 and under, or 35 and over. ",2014-07-29,2021-09-03,http://statistics.gov.scot/data/age-at-first-birth
Renewable Electricity,"Business, Enterprise and Energy","Department for Business, Energy & Industrial Strategy",Electricity generated by renewables as a percentage of gross consumption,2014-07-29,2021-05-20,http://statistics.gov.scot/data/renewable-electricity
"Not in Employment, Education or Training (NEET)",Labour Force,Scottish Government,"Number, and percent, of young people (16-19) who were not in education, employment or training.",2014-07-29,2016-02-09,http://statistics.gov.scot/data/neet
Household Estimates,Housing,National Records of Scotland,"Number and percentage of total dwellings that are occupied, vacant, unoccupied and exempt from paying council tax, long-term empty, second homes, are occupied and exempt from paying council tax, and that are receiving Single Adult Council Tax discount.  An 'occupied dwelling' is roughly equivalent to a household.",2014-07-29,2021-08-09,http://statistics.gov.scot/data/household-estimates
Energy Consumption,"Business, Enterprise and Energy","Department for Business, Energy & Industrial Strategy",Consumption (GWh) by energy type and energy customer type,2014-07-29,2021-10-12,http://statistics.gov.scot/data/energy-consumption
Road Network and Traffic,Transport,Transport Scotland,"Road network traffic, perceptions of congestion and road condition",2014-07-29,2021-10-25,http://statistics.gov.scot/data/road-network-traffic
Number of HMO Licences in Force,Housing,Scottish Government,Number of House in Multiple Occupation (HMO) Licences in force at 31 March.,2014-07-29,2021-08-30,http://statistics.gov.scot/data/hmo-licences
End of Life Care,Health and Social Care,Public Health Scotland,The percentage of last 6 months of life spent at home or in a community setting,2014-07-29,2021-09-03,http://statistics.gov.scot/data/end-of-life-care
Gender Pay Gap,Labour Force,Scottish Government,The difference between male and female median earnings (gross hourly earnings excluding overtime) as a percentage of male earnings.,2014-07-29,2021-08-02,http://statistics.gov.scot/data/earnings-paygap
Dwellings In Flood Risk Areas,Environment,Scottish Government,Number of dwellings in flood risk areas,2014-07-29,2016-02-09,http://statistics.gov.scot/data/dwellings-in-flood-risk-areas
Police Officer Quarterly Strength,Crime and Justice,Scottish Government,Number of Full-Time Equivalent (FTE) police officers in Scotland at the end of each respective quarter.,2016-08-04,2021-11-02,http://statistics.gov.scot/data/police-officer-quarterly-strength
Greenhouse Gas Emissions by Source Sector (Historical categories),Environment,Scottish Government,"This contains the results of the Scottish Greenhouse Gas Inventory, which is the key tool for understanding the origins and magnitudes of greenhouse emissions.  This presentation uses the sectoral classifications used in the main publication prior to the June 2020 publication.",2016-10-24,2021-07-21,http://statistics.gov.scot/data/greenhouse-gas-emissions-by-source-sector
Carbon Footprint Breakdown,Environment,Scottish Government,Greenhouse gas emissions that are associated with the consumption by Scottish residents on goods and services and by private heating and motoring,2016-10-24,2021-07-21,http://statistics.gov.scot/data/carbon-footprint-breakdown
Mental Wellbeing - Scottish Surveys Core Questions,Health and Social Care,Scottish Government,"Mental wellbeing by tenure, household type, age, sex and disability. The Scottish Survey Core Questions is an innovative project drawing together multiple household surveys to provide a large sample for subnational analysis.",14:41:33Z,2020-10-20,http://statistics.gov.scot/data/mental-wellbeing-sscq
Unpaid Care Provision - Scottish Surveys Core Questions,Health and Social Care,Scottish Government,"Unpaid care provision by tenure, household type, age, sex and disability. The Scottish Survey Core Questions is an innovative project drawing together multiple household surveys to provide a large sample for subnational analysis. ",14:46:06Z,2021-01-19,http://statistics.gov.scot/data/unpaid-care-provision-sscq
General Health - Scottish Surveys Core Questions,Health and Social Care,Scottish Government,"Self-assessed general health by tenure, household type, age, sex and disability. The Scottish Survey Core Questions is an innovative project drawing together multiple household surveys to provide a large sample for subnational analysis. ",14:23:54Z,2021-01-19,http://statistics.gov.scot/data/general-health-sscq
Smoking - Scottish Survey Core Questions,Health and Social Care,Scottish Government,"Current smokers by Current smokers by tenure, household type, age, sex and disability. The Scottish Survey Core Questions is an innovative project drawing together multiple household surveys to provide a large sample for subnational analysis.",14:25:31Z,2021-01-19,http://statistics.gov.scot/data/smoking-sscq
Disability - Scottish Surveys Core Questions,Health and Social Care,Scottish Government,"Percentage of adults reporting a limiting long term physical or mental health problem, by age, gender, household type, and type of housing tenure.
The Scottish Survey Core Questions is an innovative project drawing together multiple household surveys to provide a large sample for subnational analysis. ",14:26:53Z,2021-01-19,http://statistics.gov.scot/data/disability-sscq
Confidence in Policing - Scottish Survey Core Questions,Crime and Justice,Scottish Government,"Confidence across six policing functions by tenure, household type, sex and disability. The Scottish Survey Core Questions is an innovative project drawing together multiple household surveys to provide a large sample for subnational analysis. ",2016-11-10,2020-10-20,http://statistics.gov.scot/data/confidence-in-policing-sscq
Perceptions of Local Crime - Scottish Surveys Core Questions,Crime and Justice,Scottish Government,"Perceptions of the local crime rate by tenure, household type, sex and disability. The Scottish Survey Core Questions is an innovative project drawing together multiple household surveys to provide a large sample for subnational analysis. ",2016-11-10,2021-03-16,http://statistics.gov.scot/data/perceptions-of-local-crime-rate-sscq
Debt Arrangement Scheme (DAS),"Economic Activity, Benefits and Tax Credits",Accountant in Bankruptcy,The number of Debt Arrangement Scheme (DAS) Debt Payment Programmes approved. DAS is a statutory debt management solution administered by Accountant in Bankruptcy (AiB),2016-11-14,2021-11-04,http://statistics.gov.scot/data/debt-arrangement-scheme-das
Personal Insolvency,"Economic Activity, Benefits and Tax Credits",Accountant in Bankruptcy,Personal insolvencies in Scotland (awards of bankruptcy and Protected Trust Deeds).,2016-11-14,2021-11-04,http://statistics.gov.scot/data/personal-insolvency
Corporate Insolvency,"Business, Enterprise and Energy",Accountant in Bankruptcy,Scottish registered companies becoming insolvent or entering receivership.,2016-11-15,2021-11-05,http://statistics.gov.scot/data/corporate-insolvency
Alcohol use ever among young people (SALSUS),Health and Social Care,Scottish Government,The percentage of 13 and 15 year olds who have ever drunk alcohol.,2016-12-01,2016-12-05,http://statistics.gov.scot/data/alcohol-use-ever-among-young-people-salsus
Drug use behaviour among young people (SALSUS),Health and Social Care,Scottish Government,Drug use among 13 and 15 year olds in Scotland.,2016-12-01,2016-12-05,http://statistics.gov.scot/data/drug-use-behaviour-among-young-people-salsus
Drinking behaviour among young people (SALSUS),Health and Social Care,Scottish Government,When 13 and 15 year olds last had an alcoholic drink.,2016-12-01,2016-12-05,http://statistics.gov.scot/data/drinking-behaviour-among-young-people-salsus
Smoking prevalence in young people (SALSUS),Health and Social Care,Scottish Government,Smoking prevalence among 13 and 15 year olds in Scotland.,2016-12-01,2016-12-05,http://statistics.gov.scot/data/smoking-prevalence-in-young-people-salsus
New Build Housing Starts and Completions,Housing,Scottish Government,"Quarterly time series data on Scottish approvals, starts and completions by sector ",2016-12-12,2021-09-16,http://statistics.gov.scot/data/new-build-housing-starts-and-completions
Dwellings Median Number Of Rooms,Housing,National Records of Scotland,"The median number of rooms in dwellings for data zones, council areas and Scotland.",2016-12-13,2021-05-17,http://statistics.gov.scot/data/dwellings-median-number-of-rooms
Scottish Index of Multiple Deprivation - Crime Indicators,Scottish Index of Multiple Deprivation,Scottish Government,The most recent Scottish Index of Multiple Deprivation (SIMD) was published in January 2020. This dataset contains the indicators that were used to calculate SIMD 2016 and SIMD 2020 crime domains.,2017-02-01,2020-03-31,http://statistics.gov.scot/data/scottish-index-of-multiple-deprivation---crime-indicators
Cancer Registrations - Annual Data,Health and Social Care,Scottish Government,,2017-02-07,2021-09-03,http://statistics.gov.scot/data/cancer-registrations---annual-data
Land Area (based on 2011 Data Zones),Geography,Scottish Government,Land area in hectares based on aggregating 2011 Data Zone data.,2017-02-02,2020-08-24,http://statistics.gov.scot/data/land-area-2011-data-zone-based
Affordable Housing Supply Programme,Housing,Scottish Government,"Quarterly Scotland figures for the Affordable Housing Supply Programme approvals, starts and completions, split by category, form of housing supply, and type of housing supply from 2000-01 to the latest quarter.",2017-03-21,2021-09-16,http://statistics.gov.scot/data/affordable-housing-supply-programme
Scottish Index of Multiple Deprivation - Geographic Access to Services Indicators,Scottish Index of Multiple Deprivation,Scottish Government,"Mean travel time (in minutes) to key services, by car or public transport. This dataset contains indicators  used to calculate the geographic access to services domains of SIMD 2016 and SIMD 2020.",2017-03-01,2020-03-31,http://statistics.gov.scot/data/scottish-index-of-multiple-deprivation---geographic-access-to-services-indicators
Scottish Index of Multiple Deprivation - Employment Indicators,Scottish Index of Multiple Deprivation,Scottish Government,"The number and percentage of people who are employment deprived
",15:38:45Z,2020-03-31,http://statistics.gov.scot/data/scottish-index-of-multiple-deprivation---employment-indicators
Scottish Index of Multiple Deprivation - Income Indicators,Scottish Index of Multiple Deprivation,Scottish Government,The number and percentage of people claiming relevant benefits. This dataset contains the indicators that were used to calculate the income domain of the 2016 Scottish Index of Multiple Deprivation.,10:26:03Z,2019-10-29,http://statistics.gov.scot/data/scottish-index-of-multiple-deprivation---income-indicators
Children in Low Income Families,"Economic Activity, Benefits and Tax Credits",HM Revenue and Customs,The number and percentage of children living in families in receipt of Child Tax Credit (CTC) whose reported income is less than 60 per cent of the median income or in receipt of Income Support (IS) or Income-Based Jobseekers Allowance (JSA).,2017-03-31,2019-11-22,http://statistics.gov.scot/data/children-in-low-income-families
Population Estimates (Current Geographic Boundaries),Population,National Records of Scotland,Mid-year population estimates. Higher geographies are aggregated from 2011 Data Zones.,2017-04-11,2021-04-15,http://statistics.gov.scot/data/population-estimates-current-geographic-boundaries
Population Estimates Summary (Current Geographic Boundaries),Population,Scottish Government,Mid-year population estimates. Higher geographies are aggregated from 2011 Data Zones.,2020-08-27,2021-09-30,http://statistics.gov.scot/data/population-estimates-2011-datazone-linked-dataset
Social Work Orders Terminated,Crime and Justice,Scottish Government,"Number of social work orders completed/terminated in each local authority area from 2004-05 onwards, broken down by type of order and whether successfully completed.",2017-03-21,2021-03-08,http://statistics.gov.scot/data/social-work-orders-terminated
Number of General Practices with Registered Patients,Health and Social Care,Public Health Scotland,Data indicates the number of general practices (GP surgeries) by area as at 1 October for each year presented.,2017-03-24,2021-09-03,http://statistics.gov.scot/data/number-of-general-practices-with-registered-patients
Headcount of General Practice Workforce,Health and Social Care,Public Health Scotland,Data indicates headcount of GP workforce by Health Board and Local Authority as at 30 September for each year presented.,2017-03-24,2021-09-03,http://statistics.gov.scot/data/headcount-of-general-practice-workforce
General Practice List Size,Health and Social Care,Public Health Scotland,Data indicates patients registered with practices by Health Board and Local Authority as at 1 October for each year presented.,2017-03-24,2021-09-03,http://statistics.gov.scot/data/general-practice-list-size
New clients presenting at specialist drug treatment services (SDMD),Health and Social Care,Public Health Scotland,"Individuals presenting for initial assessment (for new drug treatment episode) at specialist drug treatment services, and for whom a SMR25a form was submitted to Scottish Drug Misuse Database (SDMD). Selected breakdowns by age, gender, illicit drug, prescribed drug and whether or not client injects. ",2017-04-13,2021-09-03,http://statistics.gov.scot/data/new-clients-presenting-at-specialist-drug-treatment-services-sdmd
Scottish Welfare Fund Expenditure,"Economic Activity, Benefits and Tax Credits",Scottish Government,Expenditure for awards paid out for the Scottish Welfare Fund,2017-04-26,2021-11-04,http://statistics.gov.scot/data/scottish-welfare-fund-expenditure
Scottish Welfare Fund Applications,"Economic Activity, Benefits and Tax Credits",Scottish Government,Number of applications received for Community Care Grants and Crisis Grants for the Scottish Welfare Fund,2017-04-26,2021-11-03,http://statistics.gov.scot/data/scottish-welfare-fund-applications
Population Estimates (Historical Geographic Boundaries),Population,National Records of Scotland,Mid-year population estimates. Higher geographies are aggregated from 2001 Data Zones.,2017-05-12,2021-11-25,http://statistics.gov.scot/data/population-estimates-historical-geographic-boundaries
Delayed Discharges - Monthly Census,Health and Social Care,Public Health Scotland,Number of delays by length of delay and reason for delay at the monthly census point.,2017-05-19,2021-11-04,http://statistics.gov.scot/data/delayed-discharges-monthly-census
Household Tenure - Scottish Survey Core Questions,Housing,Scottish Government,The way in which the household occupies their accomodation. The Scottish Survey Core Questions is an innovative project drawing together multiple household surveys to provide a large sample for subnational analysis.,2017-08-17,2021-01-19,http://statistics.gov.scot/data/household-tenure-sscq
Local Level Average Household Income Estimates 2014,"Economic Activity, Benefits and Tax Credits",Scottish Government,Mean and median gross household income estimates at Data Zone level for 2014,2017-05-16,2018-06-15,http://statistics.gov.scot/data/local-level-average-household-income-estimates-2014
Local Level Distribution of Household Income Estimates 2014,"Economic Activity, Benefits and Tax Credits",Scottish Government,Gross household income distribution estimates at Data Zone level for 2014,2017-05-23,2018-06-15,http://statistics.gov.scot/data/local-level-distribution-of-household-income-estimates-2014
Smoking behaviour and self-rated health (SALSUS),Health and Social Care,Scottish Government,"Self-assessed general health by smoking status, age, and gender",2017-06-06,2017-06-06,http://statistics.gov.scot/data/smoking-behaviour-and-self-rated-health-salsus
Drug use behaviour and deprivation (SALSUS),Health and Social Care,Scottish Government,"Deprivation by drug use behaviour, age, and gender",2017-08-03,2017-08-11,http://statistics.gov.scot/data/drug-use-behaviour-and-deprivation-salsus
Drinking behaviour and emotional and behavioural problems (SALSUS),Health and Social Care,Scottish Government,"Emotional and behavioural problems, by drinking behaviour, age, and gender",2017-08-03,2017-08-11,http://statistics.gov.scot/data/drinking-behaviour-and-emotional-and-behavioural-problems-salsus
Mid-Year Household Estimates,Housing,National Records of Scotland,The number of households in each council area and in Scotland,2017-07-13,2021-06-25,http://statistics.gov.scot/data/mid-year-household-estimates
Average Household Size,Housing,National Records of Scotland,The average number of people per household in each council area and in Scotland,2017-07-07,2021-06-25,http://statistics.gov.scot/data/average-household-size
Household Type,Housing,National Records of Scotland,The number of households of different types in Scotland (i.e. 2 adult household),2017-07-06,2021-06-25,http://statistics.gov.scot/data/household-type
Crime Victimisation Rate (National Indicator),Crime and Justice,Scottish Government,Proportion of people in Scotland who have been the victim of one or more crimes in the past year,2017-07-13,2020-10-23,http://statistics.gov.scot/data/crime-victimisation-rate-national-indicator
Local Crime Rate (National Indicator),Crime and Justice,Scottish Government,Percent of respondents who believe that crime has stayed the same or reduced in the past 2 years in their local area,2017-07-13,2020-10-23,http://statistics.gov.scot/data/local-crime-rate-national-indicator
Perception of Neighbourhood (National Indicator),Community Wellbeing and Social Environment,Scottish Government,Percent of people who rate their neighbourhood as a very good place to live,2017-07-14,2020-09-03,http://statistics.gov.scot/data/perception-of-neighbourhood-national-indicator
Neighbourhood rating - Scottish Household Survey,Community Wellbeing and Social Environment,Scottish Government,"How adults in Scotland rate their local neighbourhood as a place to live, from the Scottish Household Survey (SHS)",2018-03-23,2021-10-08,http://statistics.gov.scot/data/neighbourhood-rating---shs
Council Tax Collection Rates,"Economic Activity, Benefits and Tax Credits",Scottish Government,"Data on Council Tax amounts billed and collected, up to the end of the most recent complete billing year",2017-08-04,2021-07-19,http://statistics.gov.scot/data/council-tax-collection-rates
Regional Domestic Tourism,"Business, Enterprise and Energy",VisitScotland,Domestic tourism statistics by region and year. All figures come from the Great Britain Tourism Survey (GBTS) and represent 3-year annual averages due to small sample sizes on regional level.,2017-08-16,2021-06-18,http://statistics.gov.scot/data/regional-domestic-tourism
Smoking prevalence and deprivation (SALSUS),Health and Social Care,Scottish Government,"Deprivation by smoking behaviour, age and gender",2017-08-17,2017-08-17,http://statistics.gov.scot/data/smoking-prevalence-and-deprivation-salsus
Gross Domestic Product: Annual Output by Industry,Economy,Scottish Government,"The value of goods and services produced annually, reported as an index (chainlinked volume measure)",2017-08-23,2021-09-15,http://statistics.gov.scot/data/gross-domestic-product-annual-output-by-industry
Gross Domestic Product: Quarterly Output by Industry,Economy,Scottish Government,The value of goods and services produced quarterly,2017-08-23,2021-09-15,http://statistics.gov.scot/data/gross-domestic-product-quarterly-output-by-industry
Tourism Day Visits - Activities,"Business, Enterprise and Energy",VisitScotland,The Great Britain Day Visits Survey measures the visits and expenditure of tourism day visitors to Scotland.,2017-08-30,2021-06-18,http://statistics.gov.scot/data/tourism-day-visits---activities
Scottish Accommodation Occupancy,"Business, Enterprise and Energy",VisitScotland,"The Scottish Accommodation Occupancy Survey (SAOS) gathers and analyses data on occupancy levels in hotels, guest houses, B&Bs, self-catering, hostels and caravan & camping parks.",2017-08-31,2021-06-25,http://statistics.gov.scot/data/scottish-accommodation-occupancy
Tourism Day Visits - Demographics,"Business, Enterprise and Energy",VisitScotland,The Great Britain Day Visits Survey measures the visits and expenditure of tourism day visitors to Scotland.,2017-08-30,2021-06-18,http://statistics.gov.scot/data/tourism-day-visits---demographics
Tourism Day Visits - Location,"Business, Enterprise and Energy",VisitScotland,The Great Britain Day Visits Survey measures the visits and expenditure of tourism day visitors to Scotland.,2017-08-30,2021-06-18,http://statistics.gov.scot/data/tourism-day-visits---location
Tourism Day Visits - Transport,"Business, Enterprise and Energy",VisitScotland,The Great Britain Day Visits Survey measures the visits and expenditure of tourism day visitors to Scotland.,2017-08-30,2021-08-17,http://statistics.gov.scot/data/tourism-day-visits---transport
Temporary Accommodation Statistics,Housing,Scottish Government,These figures show a snapshot figure of the number of households in Temporary Accommodation per local authority at 31st March each year.,2017-09-22,2021-09-10,http://statistics.gov.scot/data/temporary-accommodation-statistics
Fire - Type of Incident,Crime and Justice,Scottish Fire and Rescue Service,"Number of fires, by type of fire and whether accidental or not",2017-10-04,2019-11-15,http://statistics.gov.scot/data/fire---type-of-incident
Bus Accessibility,Transport,Scottish Government,The indicator gives a score for the availability and frequency of bus service in each data zone.,2017-10-10,2021-10-25,http://statistics.gov.scot/data/bus-accessibility
Homelessness Applications,Housing,Scottish Government,"Summary figures of 1) all homelessness applications to local authorities each financial year in Scotland, 2) the total number of these assessed as homeless or threatened with homelessness.",2017-09-22,2021-09-10,http://statistics.gov.scot/data/homelessness-applications
Housing Lists,Housing,Scottish Government,Total number of applications on waiting lists and transfer lists for a local authority dwelling,2018-03-12,2021-10-12,http://statistics.gov.scot/data/housing-lists
Local Authority Housing Stock by Normal Use,Housing,Scottish Government,"Local Authority owned housing stock, by normal use of dwelling",2017-11-29,2021-08-30,http://statistics.gov.scot/data/local-authority-housing-stock-by-normal-use
Schools - Attainment by Deprivation,"Education, Skills and Training",Scottish Government,"The average total tariff score, and percentage of school leavers by Scottish Index of Multiple Deprivation (SIMD) Quintile					",2018-04-24,2021-05-03,http://statistics.gov.scot/data/attainment-by-deprivation-quintile
Schools - Attainment for All,"Education, Skills and Training",Scottish Government,"School leaver average total tariff score: grouped into the lowest 20%, middle 60% and highest 20% of attainers for each school",2018-04-24,2021-05-03,http://statistics.gov.scot/data/attainment-for-all
Schools - Leaver Count,"Education, Skills and Training",Scottish Government,"The number of school leavers for each establishment, by year",2018-04-24,2021-05-03,http://statistics.gov.scot/data/leaver-count
Schools - Positive Leaver Destinations,"Education, Skills and Training",Scottish Government,The percentage of school leavers going to a 'positive destination' on leaving school,2018-04-24,2021-05-03,http://statistics.gov.scot/data/positive-destinations
Schools - Literacy and Numeracy,"Education, Skills and Training",Scottish Government,The percentage of school leavers attaining literacy and numeracy at SCQF level 4 or better and SCQF level 5 or better,2018-04-24,2021-05-03,http://statistics.gov.scot/data/literacy-and-numeracy
Education establishments,"Education, Skills and Training",Scottish Government,Reference information on schools and other types of educational establishments.,2018-04-24,2021-05-03,http://statistics.gov.scot/data/education-establishments
Schools - Breadth and Depth of Qualifications,"Education, Skills and Training",Scottish Government,The range of qualifications taken by school pupils and the level at which they are achieved,2018-04-24,2021-05-03,http://statistics.gov.scot/data/breadth-and-depth
Population Projections (2016-based),Population,National Records of Scotland,"Population projections for Scotland and Scottish Areas, based on 2016 population estimates. Please see the Population Projections (2018-based) dataset for the most up-to-date projections.",2017-11-09,2019-10-21,http://statistics.gov.scot/data/population-projections
Children in Families with Limited Resources,Children and Young People,Scottish Government,Percent of children in families that have both low income and cannot afford three or more out of a list of 22 basic necessities.,2017-11-28,2019-06-26,http://statistics.gov.scot/data/children-in-families-with-limited-resources
Local Authority Housing Stock by Type,Housing,Scottish Government,"Local Authority owned housing stock, by type of dwelling",2017-11-22,2021-08-30,http://statistics.gov.scot/data/local-authority-housing-stock-by-type
Household Financial Management - Scottish Household Survey,Housing,Scottish Government,"How households in Scotland manage financially, from the Scottish Household Survey (SHS)",2018-01-29,2021-10-08,http://statistics.gov.scot/data/household-financial-management---shs
Community Ownership â Area of Land,Community Wellbeing and Social Environment,Scottish Government,Area of land in community ownership (hectares),2018-02-14,2021-10-20,http://statistics.gov.scot/data/community-ownership-area-of-land
Life Expectancy,Population,Scottish Government,"Life expectancy in years, at birth and for age groups",2018-03-23,2021-09-28,http://statistics.gov.scot/data/Life-Expectancy
Land and Buildings Transaction Tax Revenues,Economy,Revenue Scotland,"Land and Buildings Transaction Tax revenues by month of submission, type of transaction, type of property and total consideration. Additional Dwelling Supplement revenue and repayments claimed by month of submission are also provided.",2018-03-22,2021-11-12,http://statistics.gov.scot/data/land-and-buildings-transaction-tax-revenues
Land and Buildings Transaction Tax Notifiable Transactions,Economy,Revenue Scotland,"Land and Buildings Transaction Tax (LBTT) notifiable transactions by month of submission, type of transaction, type of property and total consideration. LBTT notifiable transactions in which Additional Dwelling Supplement was declared due by month of submission are also provided.",2018-03-22,2021-11-12,http://statistics.gov.scot/data/land-and-buildings-transaction-tax-notifiable-transactions
Local Authority Housing Stock by Age,Housing,Scottish Government,"Local Authority owned housing stock, by age of dwelling",2018-02-12,2021-08-30,http://statistics.gov.scot/data/local-authority-housing-stock-by-age
Community Ownership â Number of Community Groups,Community Wellbeing and Social Environment,Scottish Government,Number of community groups that own assets,2018-02-14,2021-10-20,http://statistics.gov.scot/data/community-ownership-number-of-community-groups
Community Ownership â Number of Assets,Community Wellbeing and Social Environment,Scottish Government,Number of assets in community ownership,2018-02-14,2021-10-20,http://statistics.gov.scot/data/community-ownership-number-of-land-parcels-assets
Business Enterprise Research and Development Expenditure,"Business, Enterprise and Energy",Scottish Government,Expenditure and employment on research and development by businesses in Scotland since 2001.,2018-06-18,2021-03-29,http://statistics.gov.scot/data/business-enterprise-research-and-development-expenditure
Business Demography - Survival,"Business, Enterprise and Energy",Scottish Government,Number and rate (percent) of VAT/PAYE business survival.,2018-04-11,2021-09-24,http://statistics.gov.scot/data/business-demography---survival
Dwelling Disrepair (Scottish House Condition Survey),Housing,Scottish Government,"The proportion of households with any (basic) disrepair, disrepair to critical elements, urgent disrepair or extensive disrepair to their dwelling, by dwelling types,  household characteristics and council area. Derived from the Scottish House Condition Survey (SHCS). ",2018-03-28,2020-11-26,http://statistics.gov.scot/data/dwelling-disrepair-scottish-house-condition-survey
Area improvement - Scottish Household Survey,Community Wellbeing and Social Environment,Scottish Government,"If local neighbourhood has improved over the last three years, from the Scottish Household Survey (SHS)",2018-03-23,2020-12-03,http://statistics.gov.scot/data/area-improvement---shs
Community belonging - Scottish Household Survey,Community Wellbeing and Social Environment,Scottish Government,"How strongly adults in Scotland feel they belong to their immediate neighbourhood, from the Scottish Household Survey (SHS)",2018-03-23,2021-10-08,http://statistics.gov.scot/data/community-belonging---shs
Local Authority Services and Performance - Scottish Household Survey,Access to Services,Scottish Government,"Percentage of adults who agree with various statements about local authority services and performance, from the Scottish Household Survey (SHS)",2018-05-16,2021-10-08,http://statistics.gov.scot/data/local-authority-services-and-performance---shs
Exports by Industry,Economy,Scottish Government,Scottish international exports and Scottish exports to the rest of the UK broken down by industry sector.,2018-04-19,2021-10-25,http://statistics.gov.scot/data/exports
Local Authority Housing Lettings,Housing,Scottish Government,"Lettings of local authority dwellings, by local authority",2018-05-16,2021-08-30,http://statistics.gov.scot/data/local-authority-housing-lettings
Domestic Energy Performance Certificates - Dataset to Q2 2021,Management Information,Scottish Government,Management Information: environmental data on the Domestic Energy Performance Certificate (EPC) and Recommendations Report for each current record held on the Scottish EPC Register from Q4 2012 to Q2 2021.  Data extracted July 2021.,2018-05-01,2021-09-16,http://statistics.gov.scot/data/domestic-energy-performance-certificates
Non-domestic Energy Performance Certificates - Dataset to Q2 2021,Management Information,Scottish Government,Management Information: environmental data on Non-domestic Energy Performance Certificate (EPC) and Recommendations Report for each current record held on the Scottish EPC Register from Q1 2013 to Q2 2021.  Data extracted July 2021.,2018-05-01,2021-09-16,http://statistics.gov.scot/data/non-domestic-energy-performance-certificates
Discretionary Housing Payments Applications,"Economic Activity, Benefits and Tax Credits",Scottish Government,Number of applications received by Local Authorities for Discretionary Housing Payments,2018-06-04,2021-06-21,http://statistics.gov.scot/data/discretionary-housing-payments-applications
Discretionary Housing Payments Determinations,"Economic Activity, Benefits and Tax Credits",Scottish Government,Number of determinations (decisions to make or not make an award) made by Local Authorities on Discretionary Housing Payments applications.,2018-06-04,2021-06-21,http://statistics.gov.scot/data/discretionary-housing-payments-determinations
Discretionary Housing Payments Awards,"Economic Activity, Benefits and Tax Credits",Scottish Government,Number of awards made by Local Authorities for Discretionary Housing Payments.,2018-06-04,2021-06-21,http://statistics.gov.scot/data/discretionary-housing-payments-awards
Discretionary Housing Payments Expenditure,"Economic Activity, Benefits and Tax Credits",Scottish Government,Amount spent by Local Authorities on awards for Discretionary Housing Payments,2018-06-04,2021-06-21,http://statistics.gov.scot/data/discretionary-housing-payments-expenditure
Educational attainment of school leavers,"Education, Skills and Training",Scottish Government,"The score is based on school leaversâ highest level of qualification, averaged across all leavers within a data zone. ",2018-11-05,2020-10-02,http://statistics.gov.scot/data/educational-attainment-of-school-leavers
Gross Expenditure on Research and Development,"Business, Enterprise and Energy",Scottish Government,Gross Expenditure on Research and Development in Scotland since 2001.,2018-06-18,2021-09-01,http://statistics.gov.scot/data/gross-expenditure-on-research-and-development
Settlements and Localities Population,Population,National Records of Scotland,Mid-year population estimates for built-up areas of Scotland.,2018-06-19,2021-07-02,http://statistics.gov.scot/data/settlements-and-localities-population
Distance to Nearest Green or Blue Space (National Indicator),Environment,Scottish Government,Percentage of adults living within 5 minutes walking distance of their nearest green or blue space,2018-07-10,2020-10-23,http://statistics.gov.scot/data/green-and-blue-spaces
Local Authority Vacant Dwellings,Housing,Scottish Government,"Local authority vacant stock: as at 31 March each year, by current status and length of vacancy",2018-07-20,2021-08-30,http://statistics.gov.scot/data/local-authority-vacant-dwellings
Local Authority Vacant Dwellings (vacancies arising during the year),Housing,Scottish Government,Number of Local Authority dwellings falling vacant during the year and which are available for reletting (whether or not relet),2018-07-20,2021-08-30,http://statistics.gov.scot/data/local-authority-vacant-dwellings-vacancies-arising-during-the-year
Household Projections of Average Household Size,Housing,National Records of Scotland,"25 year projection of household size (people per household) for Council Areas, Health Board areas, and National Parks. The data given here is part of the same projection shown in Household Projections, which shows a more detailed breakdown of the projection",2018-08-03,2020-11-18,http://statistics.gov.scot/data/household-projections-of-average-household-size
Household Projections,Housing,National Records of Scotland,"25 year projection of households for Council Areas, Health Board Areas, and National Parks. The data is broken down by the household reference person age and the type of household",2018-08-03,2020-11-05,http://statistics.gov.scot/data/household-projections
Gender Employment Gap,Labour Force,Scottish Government,The difference between the employment rates for men and women (aged 16-64).,2018-10-08,2021-10-06,http://statistics.gov.scot/data/gender-employment-gap
Net Migration,Population,National Records of Scotland,"Net migration by age, sex, council area and year.",2018-09-07,2021-06-25,http://statistics.gov.scot/data/net-migration
Migration To and From Scotland,Population,National Records of Scotland,"Migration to and from Scotland by single year of age, sex and year.",2018-09-05,2021-06-25,http://statistics.gov.scot/data/migration-to-and-from-scotland
Self Employment,Labour Force,Scottish Government,Self Employment level and ratio (aged 16 and over).,2018-10-10,2021-10-06,http://statistics.gov.scot/data/self-employment
Labour Productivity: Annual,Economy,Scottish Government,The average amount of economic output produced per job and per hour worked in Scotland.,2018-11-23,2021-11-24,http://statistics.gov.scot/data/labour-productivity-annual
Labour Productivity: Quarterly,Economy,Scottish Government,The average amount of economic output produced per job and per hour worked in Scotland,2018-11-23,2021-11-24,http://statistics.gov.scot/data/labour-productivity-quarterly
Child Benefit - Families,"Economic Activity, Benefits and Tax Credits",Scottish Government,Geographical analysis of families claiming Child Benefit at small area levels. Number of families in a live Child Benefit award as at 31st August.,2018-12-14,2020-08-28,http://statistics.gov.scot/data/child-benefit---families
Alcohol Related Hospital Statistics,Health and Social Care,Public Health Scotland,The alcohol-related inpatient and day case activity taking place within general acute hospitals and psychiatric hospitals in Scotland.,2019-04-08,2021-09-03,http://statistics.gov.scot/data/alcohol-related-hospital-statistics
Business Stocks and Sites by Urban Rural Classification,"Business, Enterprise and Energy",Scottish Government,Number of VAT/PAYE registered stocks and sites operating in Scotland by Urban Rural Classification,2019-01-30,2021-09-09,http://statistics.gov.scot/data/business-stocks-and-sites-by-urban-rural-classification
Business Stocks and Sites by Region of Ownership,"Business, Enterprise and Energy",Scottish Government,Number of VAT/PAYE registered stocks and sites operating in Scotland by region of ownership,2019-02-08,2021-09-09,http://statistics.gov.scot/data/business-stocks-and-sites-by-region-of-ownership
Delayed Discharges - Monthly Bed Days Occupied,Health and Social Care,Public Health Scotland,"Number of bed days occupied by hospital inpatients who are ready for discharge, but whose discharge has been delayed.",2019-02-21,2021-11-04,http://statistics.gov.scot/data/delayed-discharges-bed-days
Living Wage,Labour Force,Scottish Government,"Number and percentage of employees earning less than the living wage, based on workplace local authority",2019-02-28,2021-08-02,http://statistics.gov.scot/data/living-wage
Underemployment,Labour Force,Scottish Government,People who are in work but who would prefer to work more hours for the same rate of pay,2019-03-05,2021-10-06,http://statistics.gov.scot/data/underemployment
Distance to Green or Blue Space - Scottish Household Survey,Environment,Scottish Government,Percentage of adults living within various walking distances to their nearest green or blue space,2019-03-09,2021-10-08,http://statistics.gov.scot/data/green-or-blue-space-shs
Neighbourhood safety when walking alone - Scottish Household Survey,Community Wellbeing and Social Environment,Scottish Government,"How safe adults in Scotland feel when walking alone in their neighbourhood after dark, from the Scottish Household Survey (SHS)",2019-03-14,2020-12-03,http://statistics.gov.scot/data/neighbourhood-safety-when-walking-alone---scottish-household-survey
Feeling safe when alone at home - Scottish Household Survey,Community Wellbeing and Social Environment,Scottish Government,"How safe adults in Scotland feel when alone in their home at night, from the Scottish Household Survey (SHS)",2019-03-14,2020-12-03,http://statistics.gov.scot/data/feeling-safe-when-alone-at-home---scottish-household-survey
Scottish Landfill Tax,Economy,Revenue Scotland,"Scottish Landfill Tax (SLfT) revenues and contributions to the Scottish Landfill Communities Fund by quarter. The associated waste disposals by SLfT rate, the number of SLfT returns received and the number of landfill sites covered by these returns is also provided.",2019-04-10,2021-09-07,http://statistics.gov.scot/data/scottish-landfill-tax
Involvement with people in the neighbourhood - Scottish Household Survey,Community Wellbeing and Social Environment,Scottish Government,"Percentage of adults who agree with various statements about involvement with people in their neighbourhood, from the Scottish Household Survey (SHS)",2019-03-26,2021-10-08,http://statistics.gov.scot/data/involvement-with-people-in-the-neighbourhood---scottish-household-survey
Carer's Allowance Supplement,"Economic Activity, Benefits and Tax Credits",Scottish Government,"Carerâs Allowance Supplement payments- number, percentage and expenditure. 
National values are broken down by age, gender and local authority.  ",2019-05-14,2021-08-31,http://statistics.gov.scot/data/carers-allowance-supplement
6-in-1 Immunisation,Health and Social Care,Public Health Scotland,Number and percent of children who have completed their primary immunisation course of the 6-in-1 vaccine by 24 months of age. The 6-in-1 vaccine replaced the 5-in-1 vaccine in the routine childhood immunisation schedule from 1 October 2017.,2019-08-01,2021-09-03,http://statistics.gov.scot/data/6-in-1-immunisation
"Supply, Use and Input-Output Tables",Economy,Scottish Government,"Covering the period 1998-2018, these tables provide a complete picture of the flows of products in the Scottish onshore economy for a given year. 

They detail the relationship between producers and consumers and the interdependencies of industries.",2019-04-23,2021-11-17,http://statistics.gov.scot/data/input-output
Data Zone Lookup,Geography,Scottish Government,"Geography lookup tables used for aggregation, from 2011 data zones to higher level geographies",2019-04-25,2021-10-08,http://statistics.gov.scot/data/data-zone-lookup
Best Start Grant and Best Start Foods: Applications,"Economic Activity, Benefits and Tax Credits",Scottish Government,"Received applications and authorised applications (awards) for Best Start Grant Pregnancy and Baby Payment,  Early Learning Payment, School Age Payment and Best Start Foods Payment",2019-05-31,2021-11-02,http://statistics.gov.scot/data/best-start-grant
Early Learning and Childcare: Services Registered,Children and Young People,Care Inspectorate,"Number and rate (per 10,000 people) of services registered to provide early learning and childcare",2019-05-22,2020-09-14,http://statistics.gov.scot/data/early-learning-and-childcare-services-registered
Early Learning and Childcare: Children Registered,Children and Young People,Care Inspectorate,Number and rate (per 100 children) of children registered to attend early learning and childcare services,2019-05-22,2020-09-14,http://statistics.gov.scot/data/early-learning-and-childcare-children-registered
Community Payback Orders: Commenced,Crime and Justice,Scottish Government,Community payback orders commenced in each year from 2011-12 by age group and gender.,2019-06-19,2021-03-08,http://statistics.gov.scot/data/community-payback-orders-commenced
Care Homes: Health Characteristics of Residents,Health and Social Care,Public Health Scotland,"The number and percentage of long stay residents by various health characteristics and those requiring nursing care, for different main client groups.",2019-08-23,2021-09-03,http://statistics.gov.scot/data/care-homes-health-characteristics-of-residents
Care Homes: Demographic Characteristics of Residents,Health and Social Care,Public Health Scotland,"The number and percentage of long stay residents by age and sex, for different main client groups",2019-08-23,2021-09-03,http://statistics.gov.scot/data/care-homes-demography
Social Security Scotland Feedback: Complaints,"Economic Activity, Benefits and Tax Credits",Scottish Government,Feedback statistics covering complaints received by Social Security Scotland.,2019-07-12,2021-06-30,http://statistics.gov.scot/data/social-security-scotland-feedback-complaints
Social Security Scotland Feedback: Complaint Outcomes,"Economic Activity, Benefits and Tax Credits",Scottish Government,Feedback statistics covering complaints received by Social Security Scotland.,2019-07-12,2021-06-30,http://statistics.gov.scot/data/social-security-scotland-feedback-complaint-outcomes
Social Security Scotland Feedback: Compliments,"Economic Activity, Benefits and Tax Credits",Scottish Government,Feedback statistics covering compliments received by Social Security Scotland.,2019-07-12,2021-06-30,http://statistics.gov.scot/data/social-security-scotland-feedback-compliments
"Care Homes: Admissions, Discharges and Deaths",Health and Social Care,Public Health Scotland,"The number of admissions, discharges and deaths in care homes, for different main client groups.",2019-08-26,2021-09-03,http://statistics.gov.scot/data/care-homes-admissions-discharges-and-deaths
Care Homes: Average Age of Residents,Health and Social Care,Public Health Scotland,"The mean and median age of long stay residents, as well as at the time of admission and discharge, by main client group.",2019-08-26,2021-09-03,http://statistics.gov.scot/data/care-homes-average-age-of-residents
Care Homes: Type Of Stay,Health and Social Care,Public Health Scotland,The number of residents by their type of stay (long/short/respite stay) across care home sectors and for various main client groups.,2019-08-26,2021-09-03,http://statistics.gov.scot/data/care-homes-type-of-stay
Care Homes: Length Of Stay,Health and Social Care,Public Health Scotland,"The percentage of long stay care home residents by length of their stay, as well as mean and median lengths of stay",2019-08-26,2021-09-03,http://statistics.gov.scot/data/care-homes-length-of-stay
Exports by Local Authority,Economy,Scottish Government,"Local authority estimates of international exports, by destination ",2019-07-17,2020-09-02,http://statistics.gov.scot/data/exports-by-local-authority
Care Homes: Weekly Charges and Sources of Funding,Health and Social Care,Public Health Scotland,"The weekly charges and sources of funding for long stay care home residents, with and without nursing care. All data is for care homes whose main client group is aged 65 years and older.
",2019-08-23,2021-09-03,http://statistics.gov.scot/data/care-homes-weekly-charges-and-sources-of-funding
Scottish Index of Multiple Deprivation - Health Indicators,Scottish Index of Multiple Deprivation,Scottish Government,The Scottish Index of Multiple Deprivation (SIMD) was published in August 2016. This dataset contains the indicators that were used to calculate the health domain of SIMD.,2019-10-09,2020-03-31,http://statistics.gov.scot/data/scottish-index-of-multiple-deprivation---health-indicators
Business Innovation,"Business, Enterprise and Energy",Scottish Government,Share of businesses involved in innovation activities since 2010-2012,2019-08-23,2021-03-29,http://statistics.gov.scot/data/business-innovation
Best Start Grant and Best Start Foods: Expenditure,"Economic Activity, Benefits and Tax Credits",Scottish Government,"Expenditure for Best Start Grant (BSG) Pregnancy and Baby Payment, Early Learning Payment, School Age Payment and Best Start Foods Payment

Contact email- MI@socialsecurity.gov.scot",2019-08-21,2021-11-02,http://statistics.gov.scot/data/best-start-grant-expenditure
Scottish Index of Multiple Deprivation - Housing Indicators,Scottish Index of Multiple Deprivation,Scottish Government,The Scottish Index of Multiple Deprivation (SIMD) was published in August 2016. This dataset contains the indicators that were used to calculate the housing domain of SIMD.,2019-10-09,2019-10-09,http://statistics.gov.scot/data/scottish-index-of-multiple-deprivation---housing-indicators
Scottish Index of Multiple Deprivation - Education Indicators,Scottish Index of Multiple Deprivation,Scottish Government,The Scottish Index of Multiple Deprivation (SIMD) was published in August 2016. This dataset contains the indicators that were used to calculate the education domain of SIMD.,2019-10-09,2020-03-31,http://statistics.gov.scot/data/scottish-index-of-multiple-deprivation---education-indicators
Scottish Health Survey-Local area level data,Health and Social Care,Scottish Government,Indicators of population health and related risk factors from the Scottish Health Survey,2019-09-24,2021-10-28,http://statistics.gov.scot/data/scottish-health-survey-local-area-level-data
Social Security Scotland Feedback: Suggestions,"Economic Activity, Benefits and Tax Credits",Scottish Government,Feedback statistics covering suggestions received by Social Security Scotland.,2019-10-09,2021-06-30,http://statistics.gov.scot/data/social-security-scotland-feedback-suggestions
Local Service Satisfaction - Scottish Surveys Core Questions,Access to Services,Scottish Government,,2019-11-19,2021-01-21,http://statistics.gov.scot/data/local-service-satisfaction-sscq
Population Projections (2018-based),Population,National Records of Scotland,"Population projections for Scotland, based on 2018 population estimates",2019-10-21,2020-04-08,http://statistics.gov.scot/data/population-projections-2018-based
Personal Tax Credits: Number of Families,"Economic Activity, Benefits and Tax Credits",Scottish Government,"Number of families benefitting from tax credits. The figures presented are for live tax credit cases, at 31st August of the stated years.",2019-12-03,2019-12-03,http://statistics.gov.scot/data/personal-tax-credits-number-of-families
Personal Tax Credits: Number of Children,"Economic Activity, Benefits and Tax Credits",Scottish Government,"Number of children in families benefitting from tax credits. The figures presented are for live tax credit cases, at 31st August of the stated years.",2019-12-09,2019-12-09,http://statistics.gov.scot/data/personal-tax-credits-number-of-children
Funeral Support Payment: Applications and Payments,"Economic Activity, Benefits and Tax Credits",Scottish Government,"Received applications, authorised applications and issued payments for Funeral Support Payment",2019-12-18,2021-11-16,http://statistics.gov.scot/data/funeral-support-payment-applications-and-payments
Scottish Index of Multiple Deprivation 2020,Scottish Index of Multiple Deprivation,Scottish Government,,2020-01-28,2020-06-12,http://statistics.gov.scot/data/scottish-index-of-multiple-deprivation
Scottish Index of Multiple Deprivation - Broadband Access Indicator,Scottish Index of Multiple Deprivation,Scottish Government,Dataset containing the Broadband Indicator used to calculate the SIMD 2020 Access To Services Domain,2020-03-27,2020-03-31,http://statistics.gov.scot/data/scottish-index-of-multiple-deprivation---broadband-access-indicator
Scottish Index of Multiple Deprivation (Historical) - 2004-2012,Scottish Index of Multiple Deprivation,Scottish Government,"Data Zone (2001) level ranks and quantiles for the Scottish Index of Multiple Deprivation (SIMD) overall, and by individual domain for 2004, 2006, 2009 and 2012.",2020-02-13,2020-02-13,http://statistics.gov.scot/data/scottish-index-of-multiple-deprivation-historical-i
Scottish Index of Multiple Deprivation (Historical) - 2016,Scottish Index of Multiple Deprivation,Scottish Government,"Data Zone level ranks and quantiles for the 2016 Scottish Index of Multiple Deprivation (SIMD) overall, and by individual domain",2020-02-13,2020-02-13,http://statistics.gov.scot/data/scottish-index-of-multiple-deprivation-historical-ii
Young Carer Grant Applications and Payments,"Economic Activity, Benefits and Tax Credits",Scottish Government,"Applications received and authorised, and total value of payments for Young Carer Grant.",2020-03-06,2021-09-27,http://statistics.gov.scot/data/young-carer-grant-applications
Commuting time by Travel to Work Areas,,Scottish Government,,2020-03-03,2020-03-11,http://statistics.gov.scot/data/commuting-time-by-travel-to-work-areas
Scottish Government Spend with Top 50 Suppliers,Management Information,Scottish Government,"This dataset details the Scottish Government's spend with it's top 50 suppliers, calculated using spend by value, by financial year.  This comprises spend on goods, works and services.",2020-12-04,2021-07-20,http://statistics.gov.scot/data/scottish-government-spend-with-top-50-suppliers
Population Estimates: Young and Old,Population,Scottish Government,Mid-year population estimates for 2018 onwards. Higher geographies are aggregated from 2011 Data Zones.,2020-04-06,2021-07-02,http://statistics.gov.scot/data/population-estimates-young-and-old
Deaths involving coronavirus (COVID-19),Population,National Records of Scotland,"The weekly, and year to date, provisional number of deaths associated with coronavirus (COVID-19) registered in Scotland.",2020-04-08,2021-11-24,http://statistics.gov.scot/data/deaths-involving-coronavirus-covid-19
Coronavirus - COVID-19 - Management Information,Management Information,Scottish Government,The data provide past data around COVID-19 for the daily updates provided by the Scottish Government.,2020-04-23,2021-11-24,http://statistics.gov.scot/data/coronavirus-covid-19-management-information
Social Security Scotland: clients responding to equality forms to December 2019,"Economic Activity, Benefits and Tax Credits",Scottish Government,Number of clients responding to Equality Monitoring and Feedback forms from 10th December 2018 to 8th December 2019.,2020-05-11,2021-05-06,http://statistics.gov.scot/data/social-security-scotland-clients-responding-to-equality-forms-to-december-2019
Social Security Scotland: clients equalities with application outcome to December 2019,"Economic Activity, Benefits and Tax Credits",Scottish Government,Application outcome for clients responding to Equality Monitoring and Feedback forms when making applications to Social Security Scotland from 10th December 2018 to 8th December 2019.,2020-05-11,2021-05-06,http://statistics.gov.scot/data/social-security-scotland-clients-equalities-with-application-outcome-to-december-2019
Greenhouse Gas Emissions by National Communications Category,Environment,Scottish Government,"This contains the results of the Scottish Greenhouse Gas Inventory, which is the key tool for understanding the origins and magnitudes of greenhouse emissions",2020-06-19,2021-07-21,http://statistics.gov.scot/data/greenhouse-gas-emissions-by-national-communications-category
Adults (16-64 years) with low or no qualifications,Labour Force,Scottish Government,Low or no qualification is SCQF level 4 or below,2020-09-11,2021-10-06,http://statistics.gov.scot/data/adults-16-64-years-with-low-or-no-qualifications
Residential Properties Sales and Price,Housing,Scottish Government,,2021-03-10,2021-10-01,http://statistics.gov.scot/data/residential-properties-sales-and-price
Social Security Scotland: clients responding to equality forms,"Economic Activity, Benefits and Tax Credits",Scottish Government,Number of clients responding to Equality Monitoring and Feedback forms since 9th December 2019.,2021-04-29,2021-09-22,http://statistics.gov.scot/data/social-security-scotland-clients-responding-to-equality-forms
Social Security Scotland: clients equalities with application outcome,"Economic Activity, Benefits and Tax Credits",Scottish Government,Application outcome for clients responding to Equality Monitoring and Feedback forms when making applications to Social Security Scotland since 9th December 2019.,2021-04-29,2021-09-22,http://statistics.gov.scot/data/social-security-scotland-client-equalities-with-application-outcome
Annual Business Survey: Information and communication technologies (ICT) including related industries,"Business, Enterprise and Energy",Scottish Government,,2021-05-07,2021-10-25,http://statistics.gov.scot/data/information-and-communication-technologies-ict-including-related-industries
Poverty (children),Community Wellbeing and Social Environment,Scottish Government,Official Statistics of the number and proportions of children in poverty. Various poverty measures and breakdowns are available.,2021-05-12,2021-05-12,http://statistics.gov.scot/data/poverty-children
Poverty (adults),Community Wellbeing and Social Environment,Scottish Government,Official Statistics of the number and proportions of adults in poverty. Various poverty measures and breakdowns are available.,2021-05-12,2021-05-12,http://statistics.gov.scot/data/poverty-adults
Poverty (single adults),Community Wellbeing and Social Environment,Scottish Government,Official Statistics of the number and proportions of single adults in poverty. Various poverty measures and breakdowns are available.,2021-05-13,2021-05-13,http://statistics.gov.scot/data/poverty-single-adults
Poverty (working age adults),Community Wellbeing and Social Environment,Scottish Government,Official Statistics of the number and proportions of working-age adults in poverty. Various poverty measures and breakdowns are available.,2021-05-13,2021-05-13,http://statistics.gov.scot/data/poverty-working-age-adults
Poverty (pensionable age adults),Community Wellbeing and Social Environment,Scottish Government,Official Statistics of the number and proportions of pensionable age adults in poverty. Various poverty measures and breakdowns are available.,2021-05-12,2021-05-12,http://statistics.gov.scot/data/poverty-pensionable-age-adults
Child Winter Heating Assistance,"Economic Activity, Benefits and Tax Credits",Scottish Government,"Child Winter Heating Assistance payments and expenditure since November 2020
",2021-04-28,2021-04-28,http://statistics.gov.scot/data/child-winter-heating-assistance
Scottish Child Payment: Applications and Payments,"Economic Activity, Benefits and Tax Credits",Scottish Government,"Applications received and authorised, and total value of payments for Scottish Child Payment",2021-06-03,2021-09-13,http://statistics.gov.scot/data/scottish-child-payment-applications-and-payments
Domestic Abuse Recorded by the Police: Incidents with at least one Crime or Offence,Crime and Justice,Scottish Government,Proportion of incidents of domestic abuse which include the recording of at least one crime or offence.,2021-09-09,2021-09-09,http://statistics.gov.scot/data/domestic-abuse-recorded-by-the-police-incidents-with-a-crime-or-offence
Domestic Abuse Recorded by the Police: Number of Incidents and Rates,Crime and Justice,Scottish Government,"Number of incidents of domestic abuse recorded and rates per 10,000 population.",2021-09-13,2021-09-13,http://statistics.gov.scot/data/domestic-abuse-recorded-by-the-police-number-of-incidents-and-rates
Population Estimates Detailed (Current Geographic Boundaries),Population,Scottish Government,Mid-year population estimates.,2021-09-14,2021-09-30,http://statistics.gov.scot/data/population-estimates-detailed-current-geographic-boundaries
Job Start Payment: Applications and Payments,"Economic Activity, Benefits and Tax Credits",Scottish Government,"Job Start Payment is a new benefit that helps young people in Scotland, aged 16 to 24, who are receiving certain benefits, with the costs of starting a new job.",2021-09-23,2021-11-30,http://statistics.gov.scot/data/job-start-payment-applications-and-payments
Child Disability Payment,"Economic Activity, Benefits and Tax Credits",Scottish Government,Applications received and authorised for Child Disability Payment,2021-11-18,2021-11-18,http://statistics.gov.scot/data/child-disability-payment
