Title,Owner,PageURL,AssetURL,DateCreated,DateUpdated,FileSize,FileSizeUnit,FileType,NumRecords,OriginalTags,ManualTags,License,Description
"This data set is a real-time hourly upload from each cycling counter across Scotland that is part of the National Monitoring Framework.",Cycling Scotland,https://usmart.io/org/cyclingscotland/discovery/discovery-view-detail/7ffbe5d6-fa13-4352-829d-0bb0a58e3355,https://api.usmart.io/org/d1b773fa-d2bd-4830-b399-ecfd18e832f3/208316af-3d06-4b86-83e9-2cf025393d1c/1/urql,2021-03-24T20:21:48.559Z,2021-09-21T11:54:03.896Z,,,json,,"Transport / Mobility","National Monitoring Framework, Cycling Scotland, Cycling, Active Travel",OGL3,
"This dataset gives the hourly cycling count breakdown for all of Cycling Scotland's automatic cycling counters. Most of counters also count pedestrians.",Cycling Scotland,https://usmart.io/org/cyclingscotland/discovery/discovery-view-detail/f3df8bdf-8305-4fef-af33-502488befec7,https://api.usmart.io/org/d1b773fa-d2bd-4830-b399-ecfd18e832f3/1c10a00a-2d39-4ff2-befa-d952458ec608/1/urql,2020-04-03T14:53:09.123Z,2020-04-20T13:06:49.881Z,,,json,,"Transport / Mobility","Cycling, Counter, Active Travel",OGL3,
"The Local section of the Annual Cycling Monitoring Report examines all the local authorities across Scotland and highlights statistics based on headline trends,
workplaces and schools from a range of sources.",Cycling Scotland,https://usmart.io/org/cyclingscotland/discovery/discovery-view-detail/5722da4b-7559-4819-ab1c-4d2c9a6f92ec,https://api.usmart.io/org/d1b773fa-d2bd-4830-b399-ecfd18e832f3/45724cc2-0f99-4215-9c07-2c78dadd6075/3/urql,2021-05-13T13:35:32.999Z,2021-08-13T09:13:08.722Z,,,json,,"Transport / Mobility","Active Travel, Cycling Scotland",OGL3,
"Data from the Scottish Household Survey (2007 - 2018) related to people's participation in physical activity and sport in the 4 weeks prior to the question being asked.",Cycling Scotland,https://usmart.io/org/cyclingscotland/discovery/discovery-view-detail/9bb661cb-1dea-4856-b6c2-6aac6508da03,https://data.usmart.io/org/d1b773fa-d2bd-4830-b399-ecfd18e832f3/resource?resourceGUID=e2e82854-062a-4bdd-a5d8-b0b09a9d3268,2018-05-11T13:55:31.912Z,2019-12-20T12:54:34.465Z,,,csv,,"Transport / Mobility","Cycling, Scottish Household Survey, Active Travel",OGL3,
"Schools in Scotland which delivered Bikeability Scotland training in 2016/17. Bikeability Scotland is a cycle training programme designed to give children the skills and confidence they need both to cycle safely on the roads, and to encourage them to carry on cycling into adulthood.",Cycling Scotland,https://usmart.io/org/cyclingscotland/discovery/discovery-view-detail/84b8b2e7-8e18-4f36-822d-85fbf59c8d76,https://data.usmart.io/org/d1b773fa-d2bd-4830-b399-ecfd18e832f3/resource?resourceGUID=aade7d6a-8a66-4d65-b01f-999bc2727795,2018-10-05T11:13:06.948Z,2021-10-13T12:32:19.815Z,,,json,,"Transport / Mobility","Active Travel, Cycling, Schools, Transport, Bikeability Scotland",OGL3,
"Schools in Scotland which delivered Bikeability Scotland training in 2016/17. Bikeability Scotland is a cycle training programme designed to give children the skills and confidence they need both to cycle safely on the roads, and to encourage them to carry on cycling into adulthood.",Cycling Scotland,https://usmart.io/org/cyclingscotland/discovery/discovery-view-detail/84b8b2e7-8e18-4f36-822d-85fbf59c8d76,https://data.usmart.io/org/d1b773fa-d2bd-4830-b399-ecfd18e832f3/resource?resourceGUID=39f733f5-e2a7-456b-85a3-be5604e9dd04,2018-10-05T11:13:06.948Z,2021-10-13T12:32:19.815Z,,,csv,,"Transport / Mobility","Active Travel, Cycling, Schools, Transport, Bikeability Scotland",OGL3,
"Schools in Scotland which delivered Bikeability Scotland training in 2016/17. Bikeability Scotland is a cycle training programme designed to give children the skills and confidence they need both to cycle safely on the roads, and to encourage them to carry on cycling into adulthood.",Cycling Scotland,https://usmart.io/org/cyclingscotland/discovery/discovery-view-detail/84b8b2e7-8e18-4f36-822d-85fbf59c8d76,https://data.usmart.io/org/d1b773fa-d2bd-4830-b399-ecfd18e832f3/resource?resourceGUID=8c903843-448a-46df-9321-2d6f934d0272,2018-10-05T11:13:06.948Z,2021-10-13T12:32:19.815Z,,,xml,,"Transport / Mobility","Active Travel, Cycling, Schools, Transport, Bikeability Scotland",OGL3,
"A range of data from Key Reported Road Casualties Scotland 2018.",Cycling Scotland,https://usmart.io/org/cyclingscotland/discovery/discovery-view-detail/b9814e57-b548-4e90-a3a4-694829b36516,https://data.usmart.io/org/d1b773fa-d2bd-4830-b399-ecfd18e832f3/resource?resourceGUID=c4dc777f-1945-4f9f-95ae-beda8f3eb92d,2018-05-15T14:56:31.679Z,2019-11-26T15:15:26.895Z,,,vnd.openxmlformats-officedocument.spreadsheetml.sheet,,"Transport / Mobility","Active Travel, Cycling, Cycling Scotland, Transport, Reported Road Casualties Scotland",OGL3,
"Data from the Transport and Travel related questions asked in the Scottish Household Survey 2018. Data is of average distance traveled (km) nationally. Data is classified by Local Authority, Regional Transport Partnership, and Urban/Rural Classification.  Reproduced via Open Government Licence. https://www.transport.gov.scot/publication/transport-and-travel-in-scotland-results-from-the-scottish-household-survey-1/",Cycling Scotland,https://usmart.io/org/cyclingscotland/discovery/discovery-view-detail/afbf361c-6311-47de-8779-d79dbb4b9f0e,https://api.usmart.io/org/d1b773fa-d2bd-4830-b399-ecfd18e832f3/821b3439-2f43-4d31-a53e-1695f37ed1b0/2/urql,2019-10-17T13:39:53.097Z,2019-12-16T16:26:29.926Z,,,json,,"Transport / Mobility","Government, Scottish Household Survey, Transport and Travel in Scotland",OGL3,
"Data from the Transport and Travel related questions asked in the Scottish Household Survey 2018. Data is of average distance traveled (km) nationally. Data is classified by Local Authority, Regional Transport Partnership, and Urban/Rural Classification.  Reproduced via Open Government Licence. https://www.transport.gov.scot/publication/transport-and-travel-in-scotland-results-from-the-scottish-household-survey-1/",Cycling Scotland,https://usmart.io/org/cyclingscotland/discovery/discovery-view-detail/afbf361c-6311-47de-8779-d79dbb4b9f0e,https://data.usmart.io/org/d1b773fa-d2bd-4830-b399-ecfd18e832f3/resource?resourceGUID=fedaf873-5787-4bec-b2b5-5f4c863c7d6e,2019-10-17T13:39:53.097Z,2019-12-16T16:26:29.926Z,,,csv,,"Transport / Mobility","Government, Scottish Household Survey, Transport and Travel in Scotland",OGL3,
"This data highlights all employers across Scotland that have received a Cycling Friendly School Award",Cycling Scotland,https://usmart.io/org/cyclingscotland/discovery/discovery-view-detail/fa4d4cbb-b4a0-4efd-ae68-7767f6ab117d,https://api.usmart.io/org/d1b773fa-d2bd-4830-b399-ecfd18e832f3/2976a33d-5707-4144-8ac5-9df05abf5071/5/urql,2019-10-21T10:07:11.873Z,2019-11-26T12:10:29.057Z,,,json,,"Transport / Mobility","Active Travel, Business, Cycling Scotland",https://creativecommons.org/licenses/by/4.0/legalcode,
"This data highlights all employers across Scotland that have received a Cycling Friendly School Award",Cycling Scotland,https://usmart.io/org/cyclingscotland/discovery/discovery-view-detail/fa4d4cbb-b4a0-4efd-ae68-7767f6ab117d,https://data.usmart.io/org/d1b773fa-d2bd-4830-b399-ecfd18e832f3/resource?resourceGUID=c045f5f5-7e79-440c-a8be-477d686c5fdc,2019-10-21T10:07:11.873Z,2019-11-26T12:10:29.057Z,,,csv,,"Transport / Mobility","Active Travel, Business, Cycling Scotland",https://creativecommons.org/licenses/by/4.0/legalcode,
"This data set is a real-time daily upload from each cycling counter that is part of the National Monitoring Framework. The data includes pedestrian and bicycle user counts for more than 65 counters across Scotland in 20 different local authorities.",Cycling Scotland,https://usmart.io/org/cyclingscotland/discovery/discovery-view-detail/2d0d20d6-ff8e-47a8-8fc8-10580e00a052,https://api.usmart.io/org/d1b773fa-d2bd-4830-b399-ecfd18e832f3/02444e7a-5bd4-4ef3-9c66-e26671bb4c8a/1/urql,2020-02-19T15:31:56.977Z,2021-09-14T08:09:07.982Z,,,json,,"Transport / Mobility","Featured, Cycling Scotland, Traffic counts, Counter, Active Travel",OGL3,
"A real-time hourly upload from each cycling counter within North Ayrshire Council's network.",Cycling Scotland,https://usmart.io/org/cyclingscotland/discovery/discovery-view-detail/ce2214d2-242e-4d0b-a25d-3a7e283c9959,https://api.usmart.io/org/d1b773fa-d2bd-4830-b399-ecfd18e832f3/4b0fff26-d98d-4403-a57e-c8a863da9ba4/1/urql,2021-09-25T13:04:24.130Z,2021-11-16T16:07:16.447Z,,,json,,"Transport / Mobility","Active Travel, Traffic counts, Cycling",OGL3,
"A real-time daily upload from each cycling counter within Aberdeenshire Council's network.",Cycling Scotland,https://usmart.io/org/cyclingscotland/discovery/discovery-view-detail/be55e07e-234e-4506-b478-b614097c355e,https://api.usmart.io/org/d1b773fa-d2bd-4830-b399-ecfd18e832f3/4373c5be-42a7-4dd3-8062-9f8b16a4d3f1/1/urql,2021-10-23T14:34:32.003Z,2021-11-16T16:15:41.085Z,,,json,,"Transport / Mobility","Cycling, Active Travel, Traffic counts",OGL3,
"Data from the Transport and Travel related questions asked in the Scottish Household Survey 2017. Data is of average distance traveled (km) nationally. Data is classified by Local Authority, Regional Transport Partnership, and Urban/Rural Classification. Reproduced via Open Government Licence. https://www.transport.gov.scot/publication/transport-and-travel-in-scotland-2017/",Cycling Scotland,https://usmart.io/org/cyclingscotland/discovery/discovery-view-detail/33e828ef-a1a7-4666-b938-f929f19683d4,https://data.usmart.io/org/d1b773fa-d2bd-4830-b399-ecfd18e832f3/resource?resourceGUID=e74ac331-0479-4a50-8181-49c888d756c7,2019-10-17T13:27:07.273Z,2019-12-16T16:26:02.097Z,,,csv,,"Transport / Mobility","Government, Scottish Household Survey, Transport and Travel in Scotland",OGL3,
"Data from the Transport and Travel related questions asked in the Scottish Household Survey 2017. Data is of average distance traveled (km) nationally. Data is classified by Local Authority, Regional Transport Partnership, and Urban/Rural Classification. Reproduced via Open Government Licence. https://www.transport.gov.scot/publication/transport-and-travel-in-scotland-2017/",Cycling Scotland,https://usmart.io/org/cyclingscotland/discovery/discovery-view-detail/33e828ef-a1a7-4666-b938-f929f19683d4,https://api.usmart.io/org/d1b773fa-d2bd-4830-b399-ecfd18e832f3/f6db47aa-b724-422f-87d0-95bc50ecc2ec/2/urql,2019-10-17T13:27:07.273Z,2019-12-16T16:26:02.097Z,,,json,,"Transport / Mobility","Government, Scottish Household Survey, Transport and Travel in Scotland",OGL3,
"Data from Reported Road Casualties Scotland showing annual traffic volumes in Scotland from 2006 to 2017.",Cycling Scotland,https://usmart.io/org/cyclingscotland/discovery/discovery-view-detail/d87bdc18-b1e6-4e65-8b34-b9c83c67553b,https://data.usmart.io/org/d1b773fa-d2bd-4830-b399-ecfd18e832f3/resource?resourceGUID=56e2cce4-27d1-4823-b85f-49cb4582e096,2018-05-15T09:39:01.252Z,2019-12-20T14:20:09.040Z,,,csv,,"Transport / Mobility","Transport, Cycling, Cycling Scotland, Active Travel, Reported Road Casualties Scotland",OGL3,
"Data from Reported Road Casualties Scotland showing annual traffic volumes in Scotland from 2006 to 2017.",Cycling Scotland,https://usmart.io/org/cyclingscotland/discovery/discovery-view-detail/d87bdc18-b1e6-4e65-8b34-b9c83c67553b,https://data.usmart.io/org/d1b773fa-d2bd-4830-b399-ecfd18e832f3/resource?resourceGUID=e80be9f4-251a-4ae0-b8e8-c776393e1df0,2018-05-15T09:39:01.252Z,2019-12-20T14:20:09.040Z,,,xml,,"Transport / Mobility","Transport, Cycling, Cycling Scotland, Active Travel, Reported Road Casualties Scotland",OGL3,
"Data from Reported Road Casualties Scotland showing annual traffic volumes in Scotland from 2006 to 2017.",Cycling Scotland,https://usmart.io/org/cyclingscotland/discovery/discovery-view-detail/d87bdc18-b1e6-4e65-8b34-b9c83c67553b,https://data.usmart.io/org/d1b773fa-d2bd-4830-b399-ecfd18e832f3/resource?resourceGUID=38a45d25-229c-4b9d-bb85-dc39cde90a21,2018-05-15T09:39:01.252Z,2019-12-20T14:20:09.040Z,,,json,,"Transport / Mobility","Transport, Cycling, Cycling Scotland, Active Travel, Reported Road Casualties Scotland",OGL3,
"Schools in Scotland which delivered Bikeability Scotland training in 2020/21. Bikeability Scotland is a cycle training programme designed to give children the skills and confidence they need both to cycle safely on the roads, and to encourage them to carry on cycling into adulthood.",Cycling Scotland,https://usmart.io/org/cyclingscotland/discovery/discovery-view-detail/abd9a110-9d4d-4b06-82e1-b3b6d1b3090f,https://data.usmart.io/org/d1b773fa-d2bd-4830-b399-ecfd18e832f3/resource?resourceGUID=892d071f-1787-493b-a8d7-f031979271f9,2021-10-13T12:02:45.152Z,2021-10-25T10:58:56.367Z,,,json,,"Transport / Mobility","Schools, Active Travel, Transport",OGL3,
"Schools in Scotland which delivered Bikeability Scotland training in 2020/21. Bikeability Scotland is a cycle training programme designed to give children the skills and confidence they need both to cycle safely on the roads, and to encourage them to carry on cycling into adulthood.",Cycling Scotland,https://usmart.io/org/cyclingscotland/discovery/discovery-view-detail/abd9a110-9d4d-4b06-82e1-b3b6d1b3090f,https://data.usmart.io/org/d1b773fa-d2bd-4830-b399-ecfd18e832f3/resource?resourceGUID=6b17067a-86b5-4cbb-ab2f-819bd8e81c24,2021-10-13T12:02:45.152Z,2021-10-25T10:58:56.367Z,,,csv,,"Transport / Mobility","Schools, Active Travel, Transport",OGL3,
"Schools in Scotland which delivered Bikeability Scotland training in 2020/21. Bikeability Scotland is a cycle training programme designed to give children the skills and confidence they need both to cycle safely on the roads, and to encourage them to carry on cycling into adulthood.",Cycling Scotland,https://usmart.io/org/cyclingscotland/discovery/discovery-view-detail/abd9a110-9d4d-4b06-82e1-b3b6d1b3090f,https://data.usmart.io/org/d1b773fa-d2bd-4830-b399-ecfd18e832f3/resource?resourceGUID=7685f4d0-4919-4610-86b4-9ac457171e51,2021-10-13T12:02:45.152Z,2021-10-25T10:58:56.367Z,,,xml,,"Transport / Mobility","Schools, Active Travel, Transport",OGL3,
"All-mode traffic data from 48-hour surveys across Scotland in September 2019",Cycling Scotland,https://usmart.io/org/cyclingscotland/discovery/discovery-view-detail/5f455364-ed93-4669-825c-dda8ade2c51c,https://data.usmart.io/org/d1b773fa-d2bd-4830-b399-ecfd18e832f3/resource?resourceGUID=5db11585-bfab-48fe-9b1a-ea3f3a25b4d2,2020-02-19T10:04:20.336Z,2021-08-17T14:39:43.995Z,,,json,,"Transport / Mobility","Active Travel, Cycling, Cycling Scotland, Traffic counts",OGL3,
"All-mode traffic data from 48-hour surveys across Scotland in September 2019",Cycling Scotland,https://usmart.io/org/cyclingscotland/discovery/discovery-view-detail/5f455364-ed93-4669-825c-dda8ade2c51c,https://data.usmart.io/org/d1b773fa-d2bd-4830-b399-ecfd18e832f3/resource?resourceGUID=0a8f2a64-5d0a-4f30-bb70-29f922983db1,2020-02-19T10:04:20.336Z,2021-08-17T14:39:43.995Z,,,csv,,"Transport / Mobility","Active Travel, Cycling, Cycling Scotland, Traffic counts",OGL3,
"All-mode traffic data from 48-hour surveys across Scotland in September 2019",Cycling Scotland,https://usmart.io/org/cyclingscotland/discovery/discovery-view-detail/5f455364-ed93-4669-825c-dda8ade2c51c,https://data.usmart.io/org/d1b773fa-d2bd-4830-b399-ecfd18e832f3/resource?resourceGUID=098aa09b-f080-4de1-8042-0ffe66a1aa01,2020-02-19T10:04:20.336Z,2021-08-17T14:39:43.995Z,,,xml,,"Transport / Mobility","Active Travel, Cycling, Cycling Scotland, Traffic counts",OGL3,
"Data from the Scottish Household Survey Travel Diary showing percentage of journeys by main mode of travel between 2007 and 2017.",Cycling Scotland,https://usmart.io/org/cyclingscotland/discovery/discovery-view-detail/43ea90d9-39d4-44a6-bb44-b83a6955f6ab,https://data.usmart.io/org/d1b773fa-d2bd-4830-b399-ecfd18e832f3/resource?resourceGUID=febbc0b9-e30b-4743-9d62-77b029c696dd,2019-04-30T12:48:40.686Z,2019-12-20T14:24:16.268Z,,,json,,"Transport / Mobility","Active Travel, Cycling, Cycling Scotland, Scottish Household Survey, Transport and Travel in Scotland",OGL3,
"Data from the Scottish Household Survey Travel Diary showing percentage of journeys by main mode of travel between 2007 and 2017.",Cycling Scotland,https://usmart.io/org/cyclingscotland/discovery/discovery-view-detail/43ea90d9-39d4-44a6-bb44-b83a6955f6ab,https://data.usmart.io/org/d1b773fa-d2bd-4830-b399-ecfd18e832f3/resource?resourceGUID=1e4e42a2-e891-4595-bbe7-043491118569,2019-04-30T12:48:40.686Z,2019-12-20T14:24:16.268Z,,,csv,,"Transport / Mobility","Active Travel, Cycling, Cycling Scotland, Scottish Household Survey, Transport and Travel in Scotland",OGL3,
"Data from the Scottish Household Survey Travel Diary showing percentage of journeys by main mode of travel between 2007 and 2017.",Cycling Scotland,https://usmart.io/org/cyclingscotland/discovery/discovery-view-detail/43ea90d9-39d4-44a6-bb44-b83a6955f6ab,https://data.usmart.io/org/d1b773fa-d2bd-4830-b399-ecfd18e832f3/resource?resourceGUID=48559fa7-126e-4d5a-9f5f-4ded9ca4d30f,2019-04-30T12:48:40.686Z,2019-12-20T14:24:16.268Z,,,xml,,"Transport / Mobility","Active Travel, Cycling, Cycling Scotland, Scottish Household Survey, Transport and Travel in Scotland",OGL3,
"All-mode traffic data from 48-hour surveys across Scotland in May 2018",Cycling Scotland,https://usmart.io/org/cyclingscotland/discovery/discovery-view-detail/6ecbae85-3827-45ea-968a-d97939bf7f7e,https://data.usmart.io/org/d1b773fa-d2bd-4830-b399-ecfd18e832f3/resource?resourceGUID=093651c1-b4c8-4cc1-8343-7e91937c3e00,2020-07-20T08:51:08.163Z,2021-08-17T14:33:32.552Z,,,json,,"Transport / Mobility","Active Travel, Cycling Scotland",OGL3,
"All-mode traffic data from 48-hour surveys across Scotland in May 2018",Cycling Scotland,https://usmart.io/org/cyclingscotland/discovery/discovery-view-detail/6ecbae85-3827-45ea-968a-d97939bf7f7e,https://data.usmart.io/org/d1b773fa-d2bd-4830-b399-ecfd18e832f3/resource?resourceGUID=42d30410-5949-4fb4-b770-7b83f27ca117,2020-07-20T08:51:08.163Z,2021-08-17T14:33:32.552Z,,,csv,,"Transport / Mobility","Active Travel, Cycling Scotland",OGL3,
"All-mode traffic data from 48-hour surveys across Scotland in May 2018",Cycling Scotland,https://usmart.io/org/cyclingscotland/discovery/discovery-view-detail/6ecbae85-3827-45ea-968a-d97939bf7f7e,https://data.usmart.io/org/d1b773fa-d2bd-4830-b399-ecfd18e832f3/resource?resourceGUID=2fbdb32d-7b03-472a-ac75-d8984e476de8,2020-07-20T08:51:08.163Z,2021-08-17T14:33:32.552Z,,,xml,,"Transport / Mobility","Active Travel, Cycling Scotland",OGL3,
"Anonymised trip data from Just Eat Cycles in Edinburgh from its inception in September 2018 to its discontinuation in September 2021",Cycling Scotland,https://usmart.io/org/cyclingscotland/discovery/discovery-view-detail/8550147c-9ce2-4382-929d-3b4ab43e554f,https://api.usmart.io/org/d1b773fa-d2bd-4830-b399-ecfd18e832f3/80324843-fa22-4e40-92b4-4a97f0b0be2c/2/urql,2021-01-28T09:02:11.656Z,2021-10-13T12:51:23.678Z,,,json,,"Infrastructure, Transport / Mobility","Active Travel",OGL3,
"Anonymised trip data from Just Eat Cycles in Edinburgh from its inception in September 2018 to its discontinuation in September 2021",Cycling Scotland,https://usmart.io/org/cyclingscotland/discovery/discovery-view-detail/8550147c-9ce2-4382-929d-3b4ab43e554f,https://data.usmart.io/org/d1b773fa-d2bd-4830-b399-ecfd18e832f3/resource?resourceGUID=5872e566-d5ac-4059-a38b-e2ae4a228fae,2021-01-28T09:02:11.656Z,2021-10-13T12:51:23.678Z,,,xml,,"Infrastructure, Transport / Mobility","Active Travel",OGL3,
"Anonymised trip data from Just Eat Cycles in Edinburgh from its inception in September 2018 to its discontinuation in September 2021",Cycling Scotland,https://usmart.io/org/cyclingscotland/discovery/discovery-view-detail/8550147c-9ce2-4382-929d-3b4ab43e554f,https://data.usmart.io/org/d1b773fa-d2bd-4830-b399-ecfd18e832f3/resource?resourceGUID=f8a61a46-1ebd-45f0-9892-da341631260c,2021-01-28T09:02:11.656Z,2021-10-13T12:51:23.678Z,,,csv,,"Infrastructure, Transport / Mobility","Active Travel",OGL3,
"All-mode traffic data from 48-hour surveys across Scotland - all data from 2017 to 2021",Cycling Scotland,https://usmart.io/org/cyclingscotland/discovery/discovery-view-detail/b9fdd462-1f45-4252-aedc-fbc596abcd90,https://data.usmart.io/org/d1b773fa-d2bd-4830-b399-ecfd18e832f3/resource?resourceGUID=f5a0eaf1-deab-46bf-8776-42ad3beb9b46,2021-08-11T09:14:20.746Z,2021-08-17T14:47:34.621Z,,,csv,,"Transport / Mobility","Traffic counts, National Monitoring Framework, Cycling Scotland",OGL3,
"All-mode traffic data from 48-hour surveys across Scotland - all data from 2017 to 2021",Cycling Scotland,https://usmart.io/org/cyclingscotland/discovery/discovery-view-detail/b9fdd462-1f45-4252-aedc-fbc596abcd90,https://api.usmart.io/org/d1b773fa-d2bd-4830-b399-ecfd18e832f3/12da6df6-7b38-4907-8f00-76a6c260b197/9/urql,2021-08-11T09:14:20.746Z,2021-08-17T14:47:34.621Z,,,json,,"Transport / Mobility","Traffic counts, National Monitoring Framework, Cycling Scotland",OGL3,
"All-mode traffic data from 48-hour surveys across Scotland - all data from 2017 to 2021",Cycling Scotland,https://usmart.io/org/cyclingscotland/discovery/discovery-view-detail/b9fdd462-1f45-4252-aedc-fbc596abcd90,https://data.usmart.io/org/d1b773fa-d2bd-4830-b399-ecfd18e832f3/resource?resourceGUID=8fd87d6a-8a2c-49ee-906a-000b36699abd,2021-08-11T09:14:20.746Z,2021-08-17T14:47:34.621Z,,,xml,,"Transport / Mobility","Traffic counts, National Monitoring Framework, Cycling Scotland",OGL3,
"All-mode traffic data from 48-hour surveys across Scotland in May 2019",Cycling Scotland,https://usmart.io/org/cyclingscotland/discovery/discovery-view-detail/a5c396fb-6da0-420d-9732-459d5d717264,https://data.usmart.io/org/d1b773fa-d2bd-4830-b399-ecfd18e832f3/resource?resourceGUID=cd8d4580-827e-473a-ac43-b1bff21e4802,2020-06-23T13:45:58.596Z,2021-08-17T14:38:04.209Z,,,json,,"Transport / Mobility","Cycling Scotland, Data, National Monitoring Framework",OGL3,
"All-mode traffic data from 48-hour surveys across Scotland in May 2019",Cycling Scotland,https://usmart.io/org/cyclingscotland/discovery/discovery-view-detail/a5c396fb-6da0-420d-9732-459d5d717264,https://data.usmart.io/org/d1b773fa-d2bd-4830-b399-ecfd18e832f3/resource?resourceGUID=db36ee3c-89ea-45bd-9c36-a5baea139830,2020-06-23T13:45:58.596Z,2021-08-17T14:38:04.209Z,,,csv,,"Transport / Mobility","Cycling Scotland, Data, National Monitoring Framework",OGL3,
"All-mode traffic data from 48-hour surveys across Scotland in May 2019",Cycling Scotland,https://usmart.io/org/cyclingscotland/discovery/discovery-view-detail/a5c396fb-6da0-420d-9732-459d5d717264,https://data.usmart.io/org/d1b773fa-d2bd-4830-b399-ecfd18e832f3/resource?resourceGUID=31cc3c72-9b5c-444f-a5fb-2d509a2571b8,2020-06-23T13:45:58.596Z,2021-08-17T14:38:04.209Z,,,xml,,"Transport / Mobility","Cycling Scotland, Data, National Monitoring Framework",OGL3,
"-	All organisations listed provide bike repair services 
-	All organisations listed have appropriate public liability insurance in place",Cycling Scotland,https://usmart.io/org/cyclingscotland/discovery/discovery-view-detail/a0f61e40-cdff-4f2c-85e6-5245d1980b9b,https://data.usmart.io/org/d1b773fa-d2bd-4830-b399-ecfd18e832f3/resource?resourceGUID=0473e05d-8f43-4b5f-9694-c307b79178ab,2021-04-08T15:10:01.596Z,2021-04-23T07:24:04.000Z,,,json,,"Transport / Mobility","Active Travel, Transport and Travel in Scotland",OGL3,
"-	All organisations listed provide bike repair services 
-	All organisations listed have appropriate public liability insurance in place",Cycling Scotland,https://usmart.io/org/cyclingscotland/discovery/discovery-view-detail/a0f61e40-cdff-4f2c-85e6-5245d1980b9b,https://data.usmart.io/org/d1b773fa-d2bd-4830-b399-ecfd18e832f3/resource?resourceGUID=0e015863-3700-4c04-954a-79c74dc7f6b9,2021-04-08T15:10:01.596Z,2021-04-23T07:24:04.000Z,,,xml,,"Transport / Mobility","Active Travel, Transport and Travel in Scotland",OGL3,
"-	All organisations listed provide bike repair services 
-	All organisations listed have appropriate public liability insurance in place",Cycling Scotland,https://usmart.io/org/cyclingscotland/discovery/discovery-view-detail/a0f61e40-cdff-4f2c-85e6-5245d1980b9b,https://data.usmart.io/org/d1b773fa-d2bd-4830-b399-ecfd18e832f3/resource?resourceGUID=b9a4e147-2393-4cf4-a1c6-1228053cbc76,2021-04-08T15:10:01.596Z,2021-04-23T07:24:04.000Z,,,csv,,"Transport / Mobility","Active Travel, Transport and Travel in Scotland",OGL3,
"Data from Transport and Travel in Scotland and the Scottish Household Survey relating to the number of bikes available for private use by Local Authority in 2018.",Cycling Scotland,https://usmart.io/org/cyclingscotland/discovery/discovery-view-detail/e37ae792-6b5c-4a3f-9008-f550cac033fb,https://data.usmart.io/org/d1b773fa-d2bd-4830-b399-ecfd18e832f3/resource?resourceGUID=66c2ca92-773a-40d0-bb28-0423e73fc59a,2019-11-26T15:08:45.181Z,2021-09-14T16:43:47.313Z,,,csv,,"Transport / Mobility","Active Travel, Government, Scottish Household Survey",https://creativecommons.org/licenses/by/4.0/legalcode,
"All figures, unless otherwise stated, are from YouGov Plc.  Total sample size was 2035 adults. Fieldwork was undertaken between 14th - 22nd May 2020.  The survey was carried out online. The figures have been weighted and are representative of all Scotland adults (aged 18+).",Cycling Scotland,https://usmart.io/org/cyclingscotland/discovery/discovery-view-detail/bdd7303d-650f-499e-92ff-c3fd4e70dc1d,https://data.usmart.io/org/d1b773fa-d2bd-4830-b399-ecfd18e832f3/resource?resourceGUID=e94ed0c1-f963-4e21-afc4-75ac1badb18b,2020-06-22T08:39:30.001Z,2020-06-22T15:57:39.652Z,,,vnd.openxmlformats-officedocument.spreadsheetml.sheet,,"Transport / Mobility","Cycling Scotland, Coronavirus, Data, Cycling",OGL3,
"This dataset shows the number of vehicles at a particular traffic count location for a particular year.",Cycling Scotland,https://usmart.io/org/cyclingscotland/discovery/discovery-view-detail/25db9595-479e-451b-b1ec-6f9a8c5e6dcb,https://api.usmart.io/org/d1b773fa-d2bd-4830-b399-ecfd18e832f3/207bc8d3-ef23-406b-91c8-adc12e5a9dae/1/urql,2019-11-01T15:43:40.911Z,2019-12-20T12:26:28.730Z,,,json,,"Transport / Mobility","Transport, Traffic counts",OGL3,
"A real-time daily upload from each cycling counter within The Highland Council's network.",Cycling Scotland,https://usmart.io/org/cyclingscotland/discovery/discovery-view-detail/da632de6-499b-427d-a15d-94c75d381249,https://api.usmart.io/org/d1b773fa-d2bd-4830-b399-ecfd18e832f3/c762c71a-7366-44ba-8828-90f473295f44/1/urql,2021-09-25T13:18:13.257Z,2021-11-16T15:41:17.108Z,,,json,,"Transport / Mobility","Traffic counts, Cycling, Active Travel",OGL3,
"A real-time daily upload from each cycling counter within Glasgow City Council's network.",Cycling Scotland,https://usmart.io/org/cyclingscotland/discovery/discovery-view-detail/af7fedef-7a7a-413f-a5c9-46b8eeeabeda,https://api.usmart.io/org/d1b773fa-d2bd-4830-b399-ecfd18e832f3/657f6f93-932b-4851-ae21-830b321c185d/1/urql,2021-03-25T16:21:15.609Z,2022-02-17T14:48:37.250Z,,,json,,"Transport / Mobility","Traffic counts, Cycling, Active Travel",OGL3,
"Glasgow City Council's raw data files for January to March 2019.",Cycling Scotland,https://usmart.io/org/cyclingscotland/discovery/discovery-view-detail/5e0304e7-bd04-4c70-be63-b1865fe9a8e8,https://data.usmart.io/org/d1b773fa-d2bd-4830-b399-ecfd18e832f3/resource?resourceGUID=c3e8b496-290b-4f9e-b040-8acbaad84e00,2019-06-20T13:28:53.883Z,2021-01-13T17:04:08.847Z,,,vnd.ms-excel,,"Infrastructure, Transport / Mobility","Cycling, Transport and Travel in Scotland",OGL3,
"Glasgow City Council's raw data files for January to March 2019.",Cycling Scotland,https://usmart.io/org/cyclingscotland/discovery/discovery-view-detail/5e0304e7-bd04-4c70-be63-b1865fe9a8e8,https://data.usmart.io/org/d1b773fa-d2bd-4830-b399-ecfd18e832f3/additionalDocumentation/e6b0978b-db1a-44f3-9f44-88a75181b7bf/Automatic Cycle Counter Locations City Centre Cordon.pdf,2019-06-20T13:28:53.883Z,2021-01-13T17:04:08.847Z,,,pdf,,"Infrastructure, Transport / Mobility","Cycling, Transport and Travel in Scotland",OGL3,
"All-mode traffic data from 48-hour surveys across Scotland in September 2020",Cycling Scotland,https://usmart.io/org/cyclingscotland/discovery/discovery-view-detail/f1e8a739-ee14-4742-a7de-45d1ab6cb8aa,https://data.usmart.io/org/d1b773fa-d2bd-4830-b399-ecfd18e832f3/resource?resourceGUID=c940b83f-9a3c-4bfe-9789-83a5c2cabc18,2020-12-17T10:47:51.797Z,2021-08-17T14:43:40.494Z,,,csv,,"Transport / Mobility","Cycling Scotland, Data, National Monitoring Framework",OGL3,
"All-mode traffic data from 48-hour surveys across Scotland in September 2020",Cycling Scotland,https://usmart.io/org/cyclingscotland/discovery/discovery-view-detail/f1e8a739-ee14-4742-a7de-45d1ab6cb8aa,https://data.usmart.io/org/d1b773fa-d2bd-4830-b399-ecfd18e832f3/resource?resourceGUID=d9d8e21d-cb72-4290-a397-d23cea3361fa,2020-12-17T10:47:51.797Z,2021-08-17T14:43:40.494Z,,,json,,"Transport / Mobility","Cycling Scotland, Data, National Monitoring Framework",OGL3,
"All-mode traffic data from 48-hour surveys across Scotland in September 2020",Cycling Scotland,https://usmart.io/org/cyclingscotland/discovery/discovery-view-detail/f1e8a739-ee14-4742-a7de-45d1ab6cb8aa,https://data.usmart.io/org/d1b773fa-d2bd-4830-b399-ecfd18e832f3/resource?resourceGUID=f2e3ad90-7257-41aa-b0ba-78eb00459295,2020-12-17T10:47:51.797Z,2021-08-17T14:43:40.494Z,,,xml,,"Transport / Mobility","Cycling Scotland, Data, National Monitoring Framework",OGL3,
"This dataset holds the locations for all of Cycling Scotland's all-mode traffic counts across Scotland, including the dates the counts were undertaken",Cycling Scotland,https://usmart.io/org/cyclingscotland/discovery/discovery-view-detail/68ab155b-875f-43e7-9c4c-c954ad094dfc,https://api.usmart.io/org/d1b773fa-d2bd-4830-b399-ecfd18e832f3/9dab7bac-c9ca-4c4f-9daa-d2617b328017/1/urql,2019-10-29T14:22:23.676Z,2020-04-20T13:08:45.778Z,,,json,,"Transport / Mobility","Active Travel, Cycling, Cycling Scotland, National Monitoring Framework",https://creativecommons.org/licenses/by/4.0/legalcode,
"This dataset holds the locations for all of Cycling Scotland's all-mode traffic counts across Scotland, including the dates the counts were undertaken",Cycling Scotland,https://usmart.io/org/cyclingscotland/discovery/discovery-view-detail/68ab155b-875f-43e7-9c4c-c954ad094dfc,https://data.usmart.io/org/d1b773fa-d2bd-4830-b399-ecfd18e832f3/resource?resourceGUID=fd716c64-9be6-431b-843d-ba1d1bd3f393,2019-10-29T14:22:23.676Z,2020-04-20T13:08:45.778Z,,,csv,,"Transport / Mobility","Active Travel, Cycling, Cycling Scotland, National Monitoring Framework",https://creativecommons.org/licenses/by/4.0/legalcode,
"This dataset shows the locations of Cycling Scotland's Go Mountrain Bike centres across the UK as of 2019",Cycling Scotland,https://usmart.io/org/cyclingscotland/discovery/discovery-view-detail/ec90664f-00ed-4ef7-afe0-5a51aba90294,https://data.usmart.io/org/d1b773fa-d2bd-4830-b399-ecfd18e832f3/resource?resourceGUID=989cccbd-1e21-4aa3-8071-5556c0aa720e,2019-04-04T10:46:24.051Z,2019-11-08T11:31:07.374Z,,,json,,"Transport / Mobility","Active Travel, Cycling Scotland, Tourism, Mountain Biking",OGL3,
"This dataset shows the locations of Cycling Scotland's Go Mountrain Bike centres across the UK as of 2019",Cycling Scotland,https://usmart.io/org/cyclingscotland/discovery/discovery-view-detail/ec90664f-00ed-4ef7-afe0-5a51aba90294,https://data.usmart.io/org/d1b773fa-d2bd-4830-b399-ecfd18e832f3/resource?resourceGUID=8fa7d5eb-ed2e-4020-9d6b-e56bb9e9e5fe,2019-04-04T10:46:24.051Z,2019-11-08T11:31:07.374Z,,,csv,,"Transport / Mobility","Active Travel, Cycling Scotland, Tourism, Mountain Biking",OGL3,
"This dataset shows the locations of Cycling Scotland's Go Mountrain Bike centres across the UK as of 2019",Cycling Scotland,https://usmart.io/org/cyclingscotland/discovery/discovery-view-detail/ec90664f-00ed-4ef7-afe0-5a51aba90294,https://data.usmart.io/org/d1b773fa-d2bd-4830-b399-ecfd18e832f3/resource?resourceGUID=efa338b1-2fe2-4f65-a08c-21400237de94,2019-04-04T10:46:24.051Z,2019-11-08T11:31:07.374Z,,,xml,,"Transport / Mobility","Active Travel, Cycling Scotland, Tourism, Mountain Biking",OGL3,
"Cycle data from 2018 City Centre Cordon survey",Cycling Scotland,https://usmart.io/org/cyclingscotland/discovery/discovery-view-detail/ec524177-6c0e-497d-85b9-3906eb525840,https://data.usmart.io/org/d1b773fa-d2bd-4830-b399-ecfd18e832f3/additionalDocumentation/ebe31a3b-6295-4338-bcd6-a466ac521501/2018_Cycling Cordon Plan_ISSUE.pdf,2019-05-13T14:44:51.982Z,2019-10-28T15:43:34.338Z,,,pdf,,"Transport / Mobility","Active Travel, Cycling, Government",OGL3,
"This data highlights all university and college campuses across Scotland that have received a Cycling Friendly Campus Award",Cycling Scotland,https://usmart.io/org/cyclingscotland/discovery/discovery-view-detail/ccdfe336-fc50-44e4-8e07-77ec03547b0e,https://api.usmart.io/org/d1b773fa-d2bd-4830-b399-ecfd18e832f3/c92986a3-157a-485b-b967-f15f041ccecf/5/urql,2019-10-17T15:06:31.003Z,2019-11-26T12:10:04.241Z,,,json,,"Transport / Mobility","Active Travel, Cycle Friendly, Cycling, Cycling Scotland",https://creativecommons.org/licenses/by/4.0/legalcode,
"This data highlights all university and college campuses across Scotland that have received a Cycling Friendly Campus Award",Cycling Scotland,https://usmart.io/org/cyclingscotland/discovery/discovery-view-detail/ccdfe336-fc50-44e4-8e07-77ec03547b0e,https://data.usmart.io/org/d1b773fa-d2bd-4830-b399-ecfd18e832f3/resource?resourceGUID=a101efee-bc93-47fc-b403-3d97149a0f38,2019-10-17T15:06:31.003Z,2019-11-26T12:10:04.241Z,,,csv,,"Transport / Mobility","Active Travel, Cycle Friendly, Cycling, Cycling Scotland",https://creativecommons.org/licenses/by/4.0/legalcode,
"Data from the Transport and Travel related questions asked in the Scottish Household Survey 2016. Data is of average distance traveled (km) nationally. Data is classified by Local Authority, Regional Transport Partnership, and Urban/Rural Classification. Reproduced via Open Government Licence. https://www.transport.gov.scot/publication/26-september-2017-transport-and-travel-in-scotland-2016/",Cycling Scotland,https://usmart.io/org/cyclingscotland/discovery/discovery-view-detail/ba9b5d11-01c5-4a50-9232-9c54634ebb62,https://api.usmart.io/org/d1b773fa-d2bd-4830-b399-ecfd18e832f3/6b18c08b-3562-4f6a-8154-6fab63fbafe6/2/urql,2019-10-17T11:16:41.438Z,2019-12-16T16:25:33.572Z,,,json,,"Transport / Mobility","Government, Transport and Travel in Scotland",OGL3,
"Data from the Transport and Travel related questions asked in the Scottish Household Survey 2016. Data is of average distance traveled (km) nationally. Data is classified by Local Authority, Regional Transport Partnership, and Urban/Rural Classification. Reproduced via Open Government Licence. https://www.transport.gov.scot/publication/26-september-2017-transport-and-travel-in-scotland-2016/",Cycling Scotland,https://usmart.io/org/cyclingscotland/discovery/discovery-view-detail/ba9b5d11-01c5-4a50-9232-9c54634ebb62,https://data.usmart.io/org/d1b773fa-d2bd-4830-b399-ecfd18e832f3/resource?resourceGUID=9f6d8939-bd70-44d2-b569-6bfc32f35353,2019-10-17T11:16:41.438Z,2019-12-16T16:25:33.572Z,,,csv,,"Transport / Mobility","Government, Transport and Travel in Scotland",OGL3,
"All-mode traffic data from 48-hour surveys across Scotland in September 2021",Cycling Scotland,https://usmart.io/org/cyclingscotland/discovery/discovery-view-detail/2313c4cf-ea8f-4974-98d1-50476db791cd,https://data.usmart.io/org/d1b773fa-d2bd-4830-b399-ecfd18e832f3/resource?resourceGUID=e0cb9563-d672-4dad-aaae-4aebbd06060d,2021-11-26T15:37:11.471Z,2021-11-29T12:02:11.211Z,,,json,,"Transport / Mobility","Transport, National Monitoring Framework, Traffic counts, Active Travel",OGL3,
"All-mode traffic data from 48-hour surveys across Scotland in September 2021",Cycling Scotland,https://usmart.io/org/cyclingscotland/discovery/discovery-view-detail/2313c4cf-ea8f-4974-98d1-50476db791cd,https://data.usmart.io/org/d1b773fa-d2bd-4830-b399-ecfd18e832f3/resource?resourceGUID=eea394b4-241b-4c4a-ab2e-19026132615f,2021-11-26T15:37:11.471Z,2021-11-29T12:02:11.211Z,,,csv,,"Transport / Mobility","Transport, National Monitoring Framework, Traffic counts, Active Travel",OGL3,
"All-mode traffic data from 48-hour surveys across Scotland in September 2021",Cycling Scotland,https://usmart.io/org/cyclingscotland/discovery/discovery-view-detail/2313c4cf-ea8f-4974-98d1-50476db791cd,https://data.usmart.io/org/d1b773fa-d2bd-4830-b399-ecfd18e832f3/resource?resourceGUID=f8dbd8bf-91e7-4ae7-9d0d-38f1e0ef63e1,2021-11-26T15:37:11.471Z,2021-11-29T12:02:11.211Z,,,xml,,"Transport / Mobility","Transport, National Monitoring Framework, Traffic counts, Active Travel",OGL3,
"A real-time hourly upload from each cycling counter within Glasgow City Council's network.",Cycling Scotland,https://usmart.io/org/cyclingscotland/discovery/discovery-view-detail/01c6a04a-1b6f-4121-9b8a-d081c7e6ea28,https://api.usmart.io/org/d1b773fa-d2bd-4830-b399-ecfd18e832f3/9697fc32-5f26-466a-b6b8-f9e15e6a0c3c/1/urql,2021-03-17T17:44:41.886Z,2022-02-17T14:48:17.679Z,,,json,,"Transport / Mobility","Active Travel, Cycling, Traffic counts",OGL3,
"A real-time hourly upload from each cycling counter within East Dunbartonshire Council's network.",Cycling Scotland,https://usmart.io/org/cyclingscotland/discovery/discovery-view-detail/3b6d8d73-4e53-4d36-94fb-940fb830302e,https://api.usmart.io/org/d1b773fa-d2bd-4830-b399-ecfd18e832f3/030309fb-2269-47a1-a34c-c2e5cdcdd873/1/urql,2021-04-26T16:28:38.697Z,2021-08-13T09:06:49.057Z,,,json,,"Transport / Mobility","Cycling, Traffic counts, Active Travel",OGL3,
"A real-time hourly upload from each cycling counter within Stirling Council's network.",Cycling Scotland,https://usmart.io/org/cyclingscotland/discovery/discovery-view-detail/87c7e354-a619-443c-bc84-fc69967079eb,https://api.usmart.io/org/d1b773fa-d2bd-4830-b399-ecfd18e832f3/f37ce11c-745a-4fae-8b3c-47eaa2905900/1/urql,2021-09-04T14:18:51.125Z,2021-09-16T09:11:57.505Z,,,json,,"Transport / Mobility","Cycling, Traffic counts, Active Travel",OGL3,
"A real-time daily upload from each cycling counter within City of Edinburgh Council's network.",Cycling Scotland,https://usmart.io/org/cyclingscotland/discovery/discovery-view-detail/b1f0bd42-e220-465e-99a3-c4f62824f21f,https://api.usmart.io/org/d1b773fa-d2bd-4830-b399-ecfd18e832f3/7aa487cd-3cd5-405b-850e-1e2ac317816c/1/urql,2021-03-25T12:15:32.356Z,2021-08-13T09:03:26.004Z,,,json,,"Transport / Mobility","Cycling, Traffic counts, Active Travel",OGL3,
"A real-time daily upload from each cycling counter within Aberdeenshire  Council's network.",Cycling Scotland,https://usmart.io/org/cyclingscotland/discovery/discovery-view-detail/2f91aa68-aebf-4d7b-bea6-9342995848cc,https://api.usmart.io/org/d1b773fa-d2bd-4830-b399-ecfd18e832f3/d7e5da9d-e676-4e5d-8959-b5a0a59ba18c/1/urql,2021-10-23T14:31:16.854Z,2021-11-16T16:14:03.416Z,,,json,,"Transport / Mobility","Active Travel, Cycling, Traffic counts",OGL3,
"A real-time hourly upload from each cycling counter within South Lanarkshire Council's network.",Cycling Scotland,https://usmart.io/org/cyclingscotland/discovery/discovery-view-detail/aa516804-3c9a-459b-a28c-75e80ef39e0f,https://api.usmart.io/org/d1b773fa-d2bd-4830-b399-ecfd18e832f3/1751a710-7f65-4fde-ad6a-9fb1ba3d19bf/1/urql,2021-08-17T23:07:23.270Z,2021-11-16T16:17:05.444Z,,,json,,"Transport / Mobility","Cycling, Active Travel, Traffic counts",OGL3,
"This dataset shows all campuses across Scotland with a Campus Cycling Officer (CCO) during the academic year 2019/2020",Cycling Scotland,https://usmart.io/org/cyclingscotland/discovery/discovery-view-detail/63a7fdf1-e5f1-4636-99b2-4d8ed0666776,https://api.usmart.io/org/d1b773fa-d2bd-4830-b399-ecfd18e832f3/8e0c9075-413d-42c7-b7f0-13b0b2535e99/3/urql,2019-10-21T11:39:17.535Z,2019-10-29T14:45:33.437Z,,,json,,"Transport / Mobility","Active Travel,  Campus, Cycle Friendly, Cycling, Cycling Scotland",https://creativecommons.org/licenses/by/4.0/legalcode,
"This dataset shows all campuses across Scotland with a Campus Cycling Officer (CCO) during the academic year 2019/2020",Cycling Scotland,https://usmart.io/org/cyclingscotland/discovery/discovery-view-detail/63a7fdf1-e5f1-4636-99b2-4d8ed0666776,https://data.usmart.io/org/d1b773fa-d2bd-4830-b399-ecfd18e832f3/resource?resourceGUID=1c0d1da7-cfb9-4825-911c-6118a1670db4,2019-10-21T11:39:17.535Z,2019-10-29T14:45:33.437Z,,,csv,,"Transport / Mobility","Active Travel,  Campus, Cycle Friendly, Cycling, Cycling Scotland",https://creativecommons.org/licenses/by/4.0/legalcode,
"All-mode traffic data from 48-hour surveys across Scotland in May 2017",Cycling Scotland,https://usmart.io/org/cyclingscotland/discovery/discovery-view-detail/2fe0e496-9f15-401e-9be4-9006c0494fe6,https://data.usmart.io/org/d1b773fa-d2bd-4830-b399-ecfd18e832f3/resource?resourceGUID=4e16a09d-cdf0-4f3f-b391-a1c5324b3338,2020-07-22T14:01:15.068Z,2021-08-17T14:30:11.999Z,,,json,,"Transport / Mobility","Active Travel, Surveys",OGL3,
"All-mode traffic data from 48-hour surveys across Scotland in May 2017",Cycling Scotland,https://usmart.io/org/cyclingscotland/discovery/discovery-view-detail/2fe0e496-9f15-401e-9be4-9006c0494fe6,https://data.usmart.io/org/d1b773fa-d2bd-4830-b399-ecfd18e832f3/resource?resourceGUID=04c3987d-bf0a-474a-8ef7-f65ed54c4272,2020-07-22T14:01:15.068Z,2021-08-17T14:30:11.999Z,,,csv,,"Transport / Mobility","Active Travel, Surveys",OGL3,
"All-mode traffic data from 48-hour surveys across Scotland in May 2017",Cycling Scotland,https://usmart.io/org/cyclingscotland/discovery/discovery-view-detail/2fe0e496-9f15-401e-9be4-9006c0494fe6,https://data.usmart.io/org/d1b773fa-d2bd-4830-b399-ecfd18e832f3/resource?resourceGUID=c570a1a8-e2bb-4b69-be1d-13c35c4327dd,2020-07-22T14:01:15.068Z,2021-08-17T14:30:11.999Z,,,xml,,"Transport / Mobility","Active Travel, Surveys",OGL3,
"Counter Locations on the John Muir Way administered by the Central Scotland Green Network Trust",Cycling Scotland,https://usmart.io/org/cyclingscotland/discovery/discovery-view-detail/f15da707-ae6a-4899-9d94-68e709e6160a,https://data.usmart.io/org/d1b773fa-d2bd-4830-b399-ecfd18e832f3/resource?resourceGUID=6c02dce2-4593-45d9-baa0-477b7fb5e7ce,2020-02-05T09:44:01.233Z,2020-02-05T14:41:54.926Z,,,zip,,"Geospatial, Natural Environment","Active Travel, Cycling, John Muir Way, Walking, Counter",https://creativecommons.org/licenses/by-sa/3.0/,
"All-mode traffic data from 48-hour surveys across Scotland in September 2017",Cycling Scotland,https://usmart.io/org/cyclingscotland/discovery/discovery-view-detail/24ad961e-09b2-40ef-a253-abe960a53f3f,https://data.usmart.io/org/d1b773fa-d2bd-4830-b399-ecfd18e832f3/resource?resourceGUID=96ac7e9a-41f7-4622-b3f9-1e6e80caccda,2020-07-22T14:25:56.771Z,2021-08-17T14:31:49.975Z,,,json,,"Transport / Mobility","Active Travel, Scottish Household Survey, Mode share",OGL3,
"All-mode traffic data from 48-hour surveys across Scotland in September 2017",Cycling Scotland,https://usmart.io/org/cyclingscotland/discovery/discovery-view-detail/24ad961e-09b2-40ef-a253-abe960a53f3f,https://data.usmart.io/org/d1b773fa-d2bd-4830-b399-ecfd18e832f3/resource?resourceGUID=328209bc-8cde-4386-8fb0-6cb89aeab422,2020-07-22T14:25:56.771Z,2021-08-17T14:31:49.975Z,,,xml,,"Transport / Mobility","Active Travel, Scottish Household Survey, Mode share",OGL3,
"All-mode traffic data from 48-hour surveys across Scotland in September 2017",Cycling Scotland,https://usmart.io/org/cyclingscotland/discovery/discovery-view-detail/24ad961e-09b2-40ef-a253-abe960a53f3f,https://data.usmart.io/org/d1b773fa-d2bd-4830-b399-ecfd18e832f3/resource?resourceGUID=51be698f-4663-4a18-836d-6382d6d9d069,2020-07-22T14:25:56.771Z,2021-08-17T14:31:49.975Z,,,csv,,"Transport / Mobility","Active Travel, Scottish Household Survey, Mode share",OGL3,
"Data from Transport and Travel in Scotland and the Scottish Household Survey relating to the number of bikes available for private use by Local Authority in 2017.",Cycling Scotland,https://usmart.io/org/cyclingscotland/discovery/discovery-view-detail/d292fc7e-9657-4f1b-bb65-042262d196fd,https://data.usmart.io/org/d1b773fa-d2bd-4830-b399-ecfd18e832f3/resource?resourceGUID=58185fbd-906d-486f-9e9d-e0ac31a5ea2d,2019-04-30T12:43:55.842Z,2019-12-20T14:24:59.936Z,,,xml,,"Transport / Mobility","Transport, Cycling Scotland, Scottish Household Survey, Active Travel, Transport and Travel in Scotland",OGL3,
"Data from Transport and Travel in Scotland and the Scottish Household Survey relating to the number of bikes available for private use by Local Authority in 2017.",Cycling Scotland,https://usmart.io/org/cyclingscotland/discovery/discovery-view-detail/d292fc7e-9657-4f1b-bb65-042262d196fd,https://data.usmart.io/org/d1b773fa-d2bd-4830-b399-ecfd18e832f3/resource?resourceGUID=3e3273b3-c653-44e3-b6ef-645d3decdf60,2019-04-30T12:43:55.842Z,2019-12-20T14:24:59.936Z,,,csv,,"Transport / Mobility","Transport, Cycling Scotland, Scottish Household Survey, Active Travel, Transport and Travel in Scotland",OGL3,
"Data from Transport and Travel in Scotland and the Scottish Household Survey relating to the number of bikes available for private use by Local Authority in 2017.",Cycling Scotland,https://usmart.io/org/cyclingscotland/discovery/discovery-view-detail/d292fc7e-9657-4f1b-bb65-042262d196fd,https://data.usmart.io/org/d1b773fa-d2bd-4830-b399-ecfd18e832f3/resource?resourceGUID=fad11ec0-7797-44e6-abe2-d0bcaef81024,2019-04-30T12:43:55.842Z,2019-12-20T14:24:59.936Z,,,json,,"Transport / Mobility","Transport, Cycling Scotland, Scottish Household Survey, Active Travel, Transport and Travel in Scotland",OGL3,
"Schools in Scotland which delivered Bikeability Scotland training in 2019/20. Bikeability Scotland is a cycle training programme designed to give children the skills and confidence they need both to cycle safely on the roads, and to encourage them to carry on cycling into adulthood.",Cycling Scotland,https://usmart.io/org/cyclingscotland/discovery/discovery-view-detail/b9fa9cf4-16b3-4d13-97c0-29c2d0c21d6a,https://data.usmart.io/org/d1b773fa-d2bd-4830-b399-ecfd18e832f3/resource?resourceGUID=ddd63aef-2696-46d3-a7b5-89559ac8c803,2021-10-13T11:55:10.006Z,2021-10-25T10:58:41.064Z,,,csv,,"Transport / Mobility","Transport, Bikeability Scotland, Active Travel, Schools",OGL3,
"Schools in Scotland which delivered Bikeability Scotland training in 2019/20. Bikeability Scotland is a cycle training programme designed to give children the skills and confidence they need both to cycle safely on the roads, and to encourage them to carry on cycling into adulthood.",Cycling Scotland,https://usmart.io/org/cyclingscotland/discovery/discovery-view-detail/b9fa9cf4-16b3-4d13-97c0-29c2d0c21d6a,https://data.usmart.io/org/d1b773fa-d2bd-4830-b399-ecfd18e832f3/resource?resourceGUID=9c85eebd-326e-4713-b81b-76cc3734a81d,2021-10-13T11:55:10.006Z,2021-10-25T10:58:41.064Z,,,json,,"Transport / Mobility","Transport, Bikeability Scotland, Active Travel, Schools",OGL3,
"Schools in Scotland which delivered Bikeability Scotland training in 2019/20. Bikeability Scotland is a cycle training programme designed to give children the skills and confidence they need both to cycle safely on the roads, and to encourage them to carry on cycling into adulthood.",Cycling Scotland,https://usmart.io/org/cyclingscotland/discovery/discovery-view-detail/b9fa9cf4-16b3-4d13-97c0-29c2d0c21d6a,https://data.usmart.io/org/d1b773fa-d2bd-4830-b399-ecfd18e832f3/resource?resourceGUID=5a716f5c-b44b-42ff-aa29-9fccba0aab6f,2021-10-13T11:55:10.006Z,2021-10-25T10:58:41.064Z,,,xml,,"Transport / Mobility","Transport, Bikeability Scotland, Active Travel, Schools",OGL3,
"This dataset shows communities across Scotland that have received funding through Cycling Scotland's Cycling Friendly program",Cycling Scotland,https://usmart.io/org/cyclingscotland/discovery/discovery-view-detail/f623d8cf-cdaf-426a-90f2-63387b8d680b,https://data.usmart.io/org/d1b773fa-d2bd-4830-b399-ecfd18e832f3/resource?resourceGUID=9e4f2a31-315e-4b91-a501-26753fa87137,2019-10-21T11:53:05.320Z,2019-11-08T11:16:27.479Z,,,csv,,"Transport / Mobility","Active Travel, Cycling, Cycling Scotland, Cycling Friendly",https://creativecommons.org/licenses/by/4.0/legalcode,
"This dataset shows communities across Scotland that have received funding through Cycling Scotland's Cycling Friendly program",Cycling Scotland,https://usmart.io/org/cyclingscotland/discovery/discovery-view-detail/f623d8cf-cdaf-426a-90f2-63387b8d680b,https://api.usmart.io/org/d1b773fa-d2bd-4830-b399-ecfd18e832f3/9b8b85e0-8d97-4b9f-8ecb-36419272ecc5/1/urql,2019-10-21T11:53:05.320Z,2019-11-08T11:16:27.479Z,,,json,,"Transport / Mobility","Active Travel, Cycling, Cycling Scotland, Cycling Friendly",https://creativecommons.org/licenses/by/4.0/legalcode,
"All-mode traffic data from 48-hour surveys across Scotland in May 2020",Cycling Scotland,https://usmart.io/org/cyclingscotland/discovery/discovery-view-detail/efd6da79-b22b-404b-86f4-dfd2987ba92e,https://api.usmart.io/org/d1b773fa-d2bd-4830-b399-ecfd18e832f3/c8363aa0-5cff-40ba-b60a-893455bc1e0b/3/urql,2020-06-23T14:45:34.278Z,2021-08-17T14:42:02.646Z,,,json,,"Transport / Mobility","Cycling Scotland, Data, National Monitoring Framework",OGL3,
"All-mode traffic data from 48-hour surveys across Scotland in May 2020",Cycling Scotland,https://usmart.io/org/cyclingscotland/discovery/discovery-view-detail/efd6da79-b22b-404b-86f4-dfd2987ba92e,https://data.usmart.io/org/d1b773fa-d2bd-4830-b399-ecfd18e832f3/resource?resourceGUID=a238bc4b-b71b-4c9b-b3e9-f3d96455309d,2020-06-23T14:45:34.278Z,2021-08-17T14:42:02.646Z,,,csv,,"Transport / Mobility","Cycling Scotland, Data, National Monitoring Framework",OGL3,
"All-mode traffic data from 48-hour surveys across Scotland in May 2020",Cycling Scotland,https://usmart.io/org/cyclingscotland/discovery/discovery-view-detail/efd6da79-b22b-404b-86f4-dfd2987ba92e,https://data.usmart.io/org/d1b773fa-d2bd-4830-b399-ecfd18e832f3/resource?resourceGUID=b00b0df0-fbdf-47aa-833d-1eea8e7bef50,2020-06-23T14:45:34.278Z,2021-08-17T14:42:02.646Z,,,xml,,"Transport / Mobility","Cycling Scotland, Data, National Monitoring Framework",OGL3,
"This dataset holds the locations for all of Cycling Scotland's all-mode traffic counts which are undertaken biannually across Scotland. The dates of each count are included.",Cycling Scotland,https://usmart.io/org/cyclingscotland/discovery/discovery-view-detail/b4caea0b-4a89-41de-9bf4-5f349f1f7cea,https://api.usmart.io/org/d1b773fa-d2bd-4830-b399-ecfd18e832f3/b7c2f32e-599b-4c60-b298-38ae1257ae7e/1/urql,2021-12-23T16:01:50.046Z,2022-01-05T08:30:14.102Z,,,json,,"Transport / Mobility","Traffic counts, Active Travel, Transport and Travel in Scotland, National Monitoring Framework, Cycling Scotland",OGL3,
"This dataset holds the locations for all of Cycling Scotland's all-mode traffic counts which are undertaken biannually across Scotland. The dates of each count are included.",Cycling Scotland,https://usmart.io/org/cyclingscotland/discovery/discovery-view-detail/b4caea0b-4a89-41de-9bf4-5f349f1f7cea,https://data.usmart.io/org/d1b773fa-d2bd-4830-b399-ecfd18e832f3/resource?resourceGUID=e9a35cef-fa69-4c96-aeba-59c79ea73a2a,2021-12-23T16:01:50.046Z,2022-01-05T08:30:14.102Z,,,csv,,"Transport / Mobility","Traffic counts, Active Travel, Transport and Travel in Scotland, National Monitoring Framework, Cycling Scotland",OGL3,
"Data from Transport and Travel in Scotland and the Scottish Household Survey relating to the number of bikes available for private use by Local Authority in 2016.",Cycling Scotland,https://usmart.io/org/cyclingscotland/discovery/discovery-view-detail/0f20095c-c878-4f07-962d-8db0faaa0b5c,https://data.usmart.io/org/d1b773fa-d2bd-4830-b399-ecfd18e832f3/resource?resourceGUID=aa86d727-c4eb-4c00-b8ae-69fdd191ceb7,2018-05-15T10:17:06.963Z,2019-12-20T14:17:44.695Z,,,csv,,"Transport / Mobility","Active Travel, Cycling, Cycling Scotland, Scottish Household Survey, Transport, Transport and Travel in Scotland",OGL3,
"Schools in Scotland which delivered Bikeability Scotland training in 2018/19. Bikeability Scotland is a cycle training programme designed to give children the skills and confidence they need both to cycle safely on the roads, and to encourage them to carry on cycling into adulthood.",Cycling Scotland,https://usmart.io/org/cyclingscotland/discovery/discovery-view-detail/e2de0fb8-ef8b-4b22-8342-c22f08b81395,https://api.usmart.io/org/d1b773fa-d2bd-4830-b399-ecfd18e832f3/b7008642-43ed-43b5-9e03-69e08f88172a/2/urql,2019-11-08T11:37:05.577Z,2021-10-13T12:33:19.745Z,,,json,,"Transport / Mobility","Active Travel, Bikeability Scotland, Children, Cycling Scotland, Schools, Featured",https://creativecommons.org/licenses/by/4.0/legalcode,
"Schools in Scotland which delivered Bikeability Scotland training in 2018/19. Bikeability Scotland is a cycle training programme designed to give children the skills and confidence they need both to cycle safely on the roads, and to encourage them to carry on cycling into adulthood.",Cycling Scotland,https://usmart.io/org/cyclingscotland/discovery/discovery-view-detail/e2de0fb8-ef8b-4b22-8342-c22f08b81395,https://data.usmart.io/org/d1b773fa-d2bd-4830-b399-ecfd18e832f3/resource?resourceGUID=21710091-2919-4f96-8c1e-3eb8940e955b,2019-11-08T11:37:05.577Z,2021-10-13T12:33:19.745Z,,,csv,,"Transport / Mobility","Active Travel, Bikeability Scotland, Children, Cycling Scotland, Schools, Featured",https://creativecommons.org/licenses/by/4.0/legalcode,
"A real-time daily upload from each cycling counter within North Ayrshire Council's network.",Cycling Scotland,https://usmart.io/org/cyclingscotland/discovery/discovery-view-detail/0bbe839b-6eb0-427f-9da0-105fc91cad59,https://api.usmart.io/org/d1b773fa-d2bd-4830-b399-ecfd18e832f3/1b1f46df-8b37-48fb-90fa-9f464bb8f30a/1/urql,2021-09-25T13:03:52.003Z,2021-11-16T16:05:08.550Z,,,json,,"Transport / Mobility","Cycling, Traffic counts, Active Travel",OGL3,
"A real-time hourly upload from each cycling counter within Aberdeen City Council's network.",Cycling Scotland,https://usmart.io/org/cyclingscotland/discovery/discovery-view-detail/34019298-02e8-41c0-95e3-b08133e33d2e,https://api.usmart.io/org/d1b773fa-d2bd-4830-b399-ecfd18e832f3/8d4d35a1-5205-4fc0-a29a-6d6d0a779354/1/urql,2021-09-25T13:07:30.456Z,2021-11-16T15:55:54.734Z,,,json,,"Transport / Mobility","Active Travel, Traffic counts, Cycling",OGL3,
"A real-time daily upload from each cycling counter within East Dunbartonshire Council's network.",Cycling Scotland,https://usmart.io/org/cyclingscotland/discovery/discovery-view-detail/fa2e60c4-73a7-4cb6-91cc-c9ce4a634c59,https://api.usmart.io/org/d1b773fa-d2bd-4830-b399-ecfd18e832f3/439481f9-ed01-4880-8d9b-55bfe12ea932/1/urql,2021-04-26T15:40:44.580Z,2021-08-13T09:07:26.847Z,,,json,,"Transport / Mobility","Cycling, Traffic counts, Active Travel",OGL3,
"A real-time hourly upload from each cycling counter within John Muir Way's cycle network.",Cycling Scotland,https://usmart.io/org/cyclingscotland/discovery/discovery-view-detail/e318582c-569a-4734-8304-5bf7df9f0db8,https://api.usmart.io/org/d1b773fa-d2bd-4830-b399-ecfd18e832f3/dfa2e487-eeda-460a-aaf3-03f4b73893b4/1/urql,2021-07-29T17:34:56.704Z,2021-08-13T09:07:51.089Z,,,json,,"Transport / Mobility","Cycling, Traffic counts, Active Travel",OGL3,
"A real-time hourly upload from each cycling counter within Stirling Council's network.",Cycling Scotland,https://usmart.io/org/cyclingscotland/discovery/discovery-view-detail/83ca4907-393d-45d3-b141-853266140346,https://api.usmart.io/org/d1b773fa-d2bd-4830-b399-ecfd18e832f3/455c088b-1f4a-4e95-9ba4-803f663c2500/1/urql,2021-08-17T15:42:36.457Z,2021-09-16T07:54:55.151Z,,,json,,"Transport / Mobility","Cycling, Active Travel, Traffic counts",OGL3,
"A real-time daily upload from each cycling counter within John Muir Way's cycle network.",Cycling Scotland,https://usmart.io/org/cyclingscotland/discovery/discovery-view-detail/80b5351e-5280-426d-a8ae-5af79ad2afbb,https://api.usmart.io/org/d1b773fa-d2bd-4830-b399-ecfd18e832f3/4709d578-f2b6-4584-b8e2-4512c5936f65/1/urql,2021-07-29T17:25:22.766Z,2021-08-13T09:08:20.139Z,,,json,,"Transport / Mobility","Active Travel, Cycling, Traffic counts",OGL3,
"This data highlights all primary and secondary schools across Scotland that have received a Cycling Friendly School Award",Cycling Scotland,https://usmart.io/org/cyclingscotland/discovery/discovery-view-detail/a9c9055c-4393-4b9a-a1f9-e262674f64db,https://api.usmart.io/org/d1b773fa-d2bd-4830-b399-ecfd18e832f3/13028f91-1f7b-4997-a377-55940b35db51/3/urql,2019-10-18T10:57:07.618Z,2019-10-30T09:41:14.103Z,,,json,,"Transport / Mobility","Active Travel, Children, Cycle Friendly, Cycling, Cycling Scotland, Schools",https://creativecommons.org/licenses/by/4.0/legalcode,
"This data highlights all primary and secondary schools across Scotland that have received a Cycling Friendly School Award",Cycling Scotland,https://usmart.io/org/cyclingscotland/discovery/discovery-view-detail/a9c9055c-4393-4b9a-a1f9-e262674f64db,https://data.usmart.io/org/d1b773fa-d2bd-4830-b399-ecfd18e832f3/resource?resourceGUID=9d7823fd-27b9-4088-9dc5-377d52139fee,2019-10-18T10:57:07.618Z,2019-10-30T09:41:14.103Z,,,csv,,"Transport / Mobility","Active Travel, Children, Cycle Friendly, Cycling, Cycling Scotland, Schools",https://creativecommons.org/licenses/by/4.0/legalcode,
"This data highlights all secondary schools across Scotland that have received a Cycling Scotland Development Fund",Cycling Scotland,https://usmart.io/org/cyclingscotland/discovery/discovery-view-detail/31b68937-3327-4468-bca1-546d5d25de11,https://api.usmart.io/org/d1b773fa-d2bd-4830-b399-ecfd18e832f3/3ad3768f-134c-4e77-a50f-cd22b39e2ee6/2/urql,2019-10-21T10:38:12.077Z,2019-10-30T09:41:44.458Z,,,json,,"Transport / Mobility","Active Travel, Cycling Scotland, Schools, Young People",https://creativecommons.org/licenses/by/4.0/legalcode,
"This data highlights all secondary schools across Scotland that have received a Cycling Scotland Development Fund",Cycling Scotland,https://usmart.io/org/cyclingscotland/discovery/discovery-view-detail/31b68937-3327-4468-bca1-546d5d25de11,https://data.usmart.io/org/d1b773fa-d2bd-4830-b399-ecfd18e832f3/resource?resourceGUID=1662f845-427f-4b6e-b59f-d6eb353c742b,2019-10-21T10:38:12.077Z,2019-10-30T09:41:44.458Z,,,csv,,"Transport / Mobility","Active Travel, Cycling Scotland, Schools, Young People",https://creativecommons.org/licenses/by/4.0/legalcode,
"Schools in Scotland which delivered Bikeability Scotland training in 2017/18. Bikeability Scotland is a cycle training programme designed to give children the skills and confidence they need both to cycle safely on the roads, and to encourage them to carry on cycling into adulthood.",Cycling Scotland,https://usmart.io/org/cyclingscotland/discovery/discovery-view-detail/c2dac095-6b06-495f-8531-dec6c0b27dc2,https://data.usmart.io/org/d1b773fa-d2bd-4830-b399-ecfd18e832f3/resource?resourceGUID=52ac5039-7ff4-44f0-8e41-708c0e2eb1de,2018-12-18T13:28:31.800Z,2021-10-13T12:33:07.113Z,,,json,,"Transport / Mobility","Active Travel, Cycling, Cycling Scotland",OGL3,
"Schools in Scotland which delivered Bikeability Scotland training in 2017/18. Bikeability Scotland is a cycle training programme designed to give children the skills and confidence they need both to cycle safely on the roads, and to encourage them to carry on cycling into adulthood.",Cycling Scotland,https://usmart.io/org/cyclingscotland/discovery/discovery-view-detail/c2dac095-6b06-495f-8531-dec6c0b27dc2,https://data.usmart.io/org/d1b773fa-d2bd-4830-b399-ecfd18e832f3/resource?resourceGUID=71dd3758-e670-43a4-9623-7d4ced6277de,2018-12-18T13:28:31.800Z,2021-10-13T12:33:07.113Z,,,xml,,"Transport / Mobility","Active Travel, Cycling, Cycling Scotland",OGL3,
"Schools in Scotland which delivered Bikeability Scotland training in 2017/18. Bikeability Scotland is a cycle training programme designed to give children the skills and confidence they need both to cycle safely on the roads, and to encourage them to carry on cycling into adulthood.",Cycling Scotland,https://usmart.io/org/cyclingscotland/discovery/discovery-view-detail/c2dac095-6b06-495f-8531-dec6c0b27dc2,https://data.usmart.io/org/d1b773fa-d2bd-4830-b399-ecfd18e832f3/resource?resourceGUID=b64cd424-bba7-40fc-b3ff-0170e6be5b47,2018-12-18T13:28:31.800Z,2021-10-13T12:33:07.113Z,,,csv,,"Transport / Mobility","Active Travel, Cycling, Cycling Scotland",OGL3,
"All-mode traffic data from 48-hour surveys across Scotland in May 2021",Cycling Scotland,https://usmart.io/org/cyclingscotland/discovery/discovery-view-detail/0b4e027e-59e2-4147-994f-c2f01cd08747,https://data.usmart.io/org/d1b773fa-d2bd-4830-b399-ecfd18e832f3/resource?resourceGUID=eafbe615-dba0-4a67-a711-5b966bf72fde,2021-08-10T14:30:44.494Z,2021-08-17T14:45:56.018Z,,,json,,"Transport / Mobility","Active Travel, National Monitoring Framework",OGL3,
"All-mode traffic data from 48-hour surveys across Scotland in May 2021",Cycling Scotland,https://usmart.io/org/cyclingscotland/discovery/discovery-view-detail/0b4e027e-59e2-4147-994f-c2f01cd08747,https://data.usmart.io/org/d1b773fa-d2bd-4830-b399-ecfd18e832f3/resource?resourceGUID=764a63a7-fb84-424b-a957-eb0f6008630c,2021-08-10T14:30:44.494Z,2021-08-17T14:45:56.018Z,,,csv,,"Transport / Mobility","Active Travel, National Monitoring Framework",OGL3,
"All-mode traffic data from 48-hour surveys across Scotland in May 2021",Cycling Scotland,https://usmart.io/org/cyclingscotland/discovery/discovery-view-detail/0b4e027e-59e2-4147-994f-c2f01cd08747,https://data.usmart.io/org/d1b773fa-d2bd-4830-b399-ecfd18e832f3/resource?resourceGUID=d8a1badd-3280-40bf-b1fa-c6c505c902b5,2021-08-10T14:30:44.494Z,2021-08-17T14:45:56.018Z,,,xml,,"Transport / Mobility","Active Travel, National Monitoring Framework",OGL3,
"This data set highlights communities across Scotland that have received a Cycling Friendly Communities Award",Cycling Scotland,https://usmart.io/org/cyclingscotland/discovery/discovery-view-detail/8b952141-0d52-48f5-b16d-c11bb93664e8,https://api.usmart.io/org/d1b773fa-d2bd-4830-b399-ecfd18e832f3/c7dfc2d0-cd22-47ad-bc99-4011a93b3af0/6/urql,2019-10-17T15:19:22.247Z,2019-11-08T11:26:36.606Z,,,json,,"Transport / Mobility","Active Travel, Cycle Friendly, Cycling, Cycling Scotland",https://creativecommons.org/licenses/by/4.0/legalcode,
"This data set highlights communities across Scotland that have received a Cycling Friendly Communities Award",Cycling Scotland,https://usmart.io/org/cyclingscotland/discovery/discovery-view-detail/8b952141-0d52-48f5-b16d-c11bb93664e8,https://data.usmart.io/org/d1b773fa-d2bd-4830-b399-ecfd18e832f3/resource?resourceGUID=7453274b-382f-4aee-a852-ecb911395aea,2019-10-17T15:19:22.247Z,2019-11-08T11:26:36.606Z,,,csv,,"Transport / Mobility","Active Travel, Cycle Friendly, Cycling, Cycling Scotland",https://creativecommons.org/licenses/by/4.0/legalcode,
"All-mode traffic data from 48-hour surveys across Scotland in September 2018",Cycling Scotland,https://usmart.io/org/cyclingscotland/discovery/discovery-view-detail/a0f74c16-ff56-4d36-a26d-8d07e9a5a449,https://api.usmart.io/org/d1b773fa-d2bd-4830-b399-ecfd18e832f3/20f490ba-edef-4843-822a-cd3e2670916f/2/urql,2020-07-20T08:53:30.537Z,2021-08-17T14:35:12.109Z,,,json,,"Transport / Mobility","Active Travel, Traffic counts",OGL3,
"All-mode traffic data from 48-hour surveys across Scotland in September 2018",Cycling Scotland,https://usmart.io/org/cyclingscotland/discovery/discovery-view-detail/a0f74c16-ff56-4d36-a26d-8d07e9a5a449,https://data.usmart.io/org/d1b773fa-d2bd-4830-b399-ecfd18e832f3/resource?resourceGUID=f255f058-4237-42a4-8ddf-e88d2627ae66,2020-07-20T08:53:30.537Z,2021-08-17T14:35:12.109Z,,,xml,,"Transport / Mobility","Active Travel, Traffic counts",OGL3,
"All-mode traffic data from 48-hour surveys across Scotland in September 2018",Cycling Scotland,https://usmart.io/org/cyclingscotland/discovery/discovery-view-detail/a0f74c16-ff56-4d36-a26d-8d07e9a5a449,https://data.usmart.io/org/d1b773fa-d2bd-4830-b399-ecfd18e832f3/resource?resourceGUID=7b202b52-1850-4396-b668-dca476a69da5,2020-07-20T08:53:30.537Z,2021-08-17T14:35:12.109Z,,,csv,,"Transport / Mobility","Active Travel, Traffic counts",OGL3,
"This data set holds the locations for all of Cycling Scotland's permanent cycle counter locations across Scotland, including the installation date of each counter",Cycling Scotland,https://usmart.io/org/cyclingscotland/discovery/discovery-view-detail/14227968-8ed5-4caf-a5cb-2dbc3539100f,https://data.usmart.io/org/d1b773fa-d2bd-4830-b399-ecfd18e832f3/resource?resourceGUID=79e31b87-fbd8-4cc7-b0fb-bd8cf56beba3,2021-08-27T10:45:43.733Z,2021-09-03T13:34:20.440Z,,,json,,"Transport / Mobility","National Monitoring Framework, Featured, Cycling Scotland, Active Travel",OGL3,
"This data set holds the locations for all of Cycling Scotland's permanent cycle counter locations across Scotland, including the installation date of each counter",Cycling Scotland,https://usmart.io/org/cyclingscotland/discovery/discovery-view-detail/14227968-8ed5-4caf-a5cb-2dbc3539100f,https://data.usmart.io/org/d1b773fa-d2bd-4830-b399-ecfd18e832f3/resource?resourceGUID=dd1d4f08-6aba-4e14-abfd-3d6e6d79b811,2021-08-27T10:45:43.733Z,2021-09-03T13:34:20.440Z,,,csv,,"Transport / Mobility","National Monitoring Framework, Featured, Cycling Scotland, Active Travel",OGL3,
"This data set holds the locations for all of Cycling Scotland's permanent cycle counter locations across Scotland, including the installation date of each counter",Cycling Scotland,https://usmart.io/org/cyclingscotland/discovery/discovery-view-detail/14227968-8ed5-4caf-a5cb-2dbc3539100f,https://data.usmart.io/org/d1b773fa-d2bd-4830-b399-ecfd18e832f3/resource?resourceGUID=38d63877-40f3-462d-92b7-91685f20c22d,2021-08-27T10:45:43.733Z,2021-09-03T13:34:20.440Z,,,xml,,"Transport / Mobility","National Monitoring Framework, Featured, Cycling Scotland, Active Travel",OGL3,
"This dataset is for the Big Count which happens across Scotland twice a year in May and September. Cycling Scotland ask people to visit the bike parking at their workplace and count how many bikes there are there on that day.",Cycling Scotland,https://usmart.io/org/cyclingscotland/discovery/discovery-view-detail/ee8e8ff1-00df-4e3e-b857-92ebfa369fa0,https://api.usmart.io/org/d1b773fa-d2bd-4830-b399-ecfd18e832f3/4ecae34e-9382-404e-8728-a97df2f36b73/1/urql,2019-11-01T15:40:06.940Z,2021-01-13T17:10:11.697Z,,,json,,"Transport / Mobility"," ",OGL3,
"This dataset is for the Big Count which happens across Scotland twice a year in May and September. Cycling Scotland ask people to visit the bike parking at their workplace and count how many bikes there are there on that day.",Cycling Scotland,https://usmart.io/org/cyclingscotland/discovery/discovery-view-detail/ee8e8ff1-00df-4e3e-b857-92ebfa369fa0,https://data.usmart.io/org/d1b773fa-d2bd-4830-b399-ecfd18e832f3/additionalDocumentation/0927d3a0-29af-433a-b7f8-059e02abd507/Cycling Friendly Employer handbook - Cycling Scotland.pdf,2019-11-01T15:40:06.940Z,2021-01-13T17:10:11.697Z,,,pdf,,"Transport / Mobility"," ",OGL3,
"Cycling Scotland undertakes research biennially into the attitudes and behaviours of people towards cycling. This dataset has the results in pdf format from the first (2017), second (2019) and third (2021) rounds.",Cycling Scotland,https://usmart.io/org/cyclingscotland/discovery/discovery-view-detail/f9e2f1dc-5f97-4508-a370-ea6f744f6f62,https://data.usmart.io/org/d1b773fa-d2bd-4830-b399-ecfd18e832f3/resource?resourceGUID=5bb69fcd-128a-46c7-8320-20f6232549f7,2020-01-23T14:17:31.971Z,2021-12-21T15:36:12.603Z,,,pdf,,"Transport / Mobility","Active Travel, Culture, Cycling Scotland, Attitudes and behaviours",https://creativecommons.org/licenses/by/4.0/legalcode,
"Data from Transport and Travel in Scotland and the Scottish Household Survey relating to the number of bikes available for private use by Local Authority in 2019.",Cycling Scotland,https://usmart.io/org/cyclingscotland/discovery/discovery-view-detail/0d94f83a-4b54-407c-89ae-6010ebd3ac8d,https://api.usmart.io/org/d1b773fa-d2bd-4830-b399-ecfd18e832f3/ae0b651b-ce85-42b8-a9b6-7423465de8f4/1/urql,2021-09-14T16:43:33.184Z,2021-09-14T16:56:35.745Z,,,json,,"Transport / Mobility","Active Travel, Government, Featured, Scottish Household Survey",OGL3,
"Data from Transport and Travel in Scotland and the Scottish Household Survey relating to the number of bikes available for private use by Local Authority in 2019.",Cycling Scotland,https://usmart.io/org/cyclingscotland/discovery/discovery-view-detail/0d94f83a-4b54-407c-89ae-6010ebd3ac8d,https://data.usmart.io/org/d1b773fa-d2bd-4830-b399-ecfd18e832f3/resource?resourceGUID=14508826-0c68-4dce-beb9-01620d1b4c7c,2021-09-14T16:43:33.184Z,2021-09-14T16:56:35.745Z,,,xml,,"Transport / Mobility","Active Travel, Government, Featured, Scottish Household Survey",OGL3,
"Data from Transport and Travel in Scotland and the Scottish Household Survey relating to the number of bikes available for private use by Local Authority in 2019.",Cycling Scotland,https://usmart.io/org/cyclingscotland/discovery/discovery-view-detail/0d94f83a-4b54-407c-89ae-6010ebd3ac8d,https://data.usmart.io/org/d1b773fa-d2bd-4830-b399-ecfd18e832f3/resource?resourceGUID=614df944-323e-4899-b099-9da795a66f77,2021-09-14T16:43:33.184Z,2021-09-14T16:56:35.745Z,,,csv,,"Transport / Mobility","Active Travel, Government, Featured, Scottish Household Survey",OGL3,
"Data from Transport and Travel in Scotland relating to cycling frequency in the previous seven days. Split by gender, age, employment status, net household income, SIMD and more.",Cycling Scotland,https://usmart.io/org/cyclingscotland/discovery/discovery-view-detail/1891331f-7ec1-4d7a-9ad5-4c43bb817ad8,https://data.usmart.io/org/d1b773fa-d2bd-4830-b399-ecfd18e832f3/resource?resourceGUID=7a097bf0-1a75-4cf2-b4d7-90d6b73aa15e,2018-05-11T14:16:53.569Z,2019-12-16T16:24:14.045Z,,,csv,,"Transport / Mobility","Cycling, Cycling Scotland, Active Travel, Transport and Travel in Scotland",OGL3,
"A real-time hourly upload from each cycling counter within City of Edinburgh Council's network.",Cycling Scotland,https://usmart.io/org/cyclingscotland/discovery/discovery-view-detail/9aef744b-846b-47c7-a3a6-4aef9f1fe371,https://api.usmart.io/org/d1b773fa-d2bd-4830-b399-ecfd18e832f3/b8af3f88-75c5-4470-bcf3-0be9c051b9ef/1/urql,2021-02-23T15:43:12.673Z,2021-08-13T09:02:35.181Z,,,json,,"Transport / Mobility","Traffic counts, Cycling, Active Travel",OGL3,
"A real-time daily upload from each cycling counter within Aberdeen City Council's network.",Cycling Scotland,https://usmart.io/org/cyclingscotland/discovery/discovery-view-detail/c3248da7-823b-40e7-ae5c-9b33a4ab7f16,https://api.usmart.io/org/d1b773fa-d2bd-4830-b399-ecfd18e832f3/d0717679-21fb-4274-a9d3-f973cfb5b7ff/1/urql,2021-09-25T13:08:11.623Z,2021-11-16T15:53:14.735Z,,,json,,"Transport / Mobility","Active Travel, Cycling, Traffic counts",http://opendatacommons.org/licenses/odbl/1-0/,
"A real-time daily upload from each cycling counter within Perth & Kinross Council's network.",Cycling Scotland,https://usmart.io/org/cyclingscotland/discovery/discovery-view-detail/16e1662e-c3b4-4b7e-b8b1-04775b7c0737,https://api.usmart.io/org/d1b773fa-d2bd-4830-b399-ecfd18e832f3/840ab46e-93bf-43d9-9a82-0c977302c6c2/1/urql,2021-09-04T14:16:43.528Z,2021-09-16T09:07:45.745Z,,,json,,"Transport / Mobility","Active Travel, Traffic counts, Cycling",OGL3,
"A real-time hourly upload from each cycling counter within Comhairle nan Eilean Siar's network.",Cycling Scotland,https://usmart.io/org/cyclingscotland/discovery/discovery-view-detail/2f431f6f-5fea-42a5-9504-7f1c0c7ce67d,https://api.usmart.io/org/d1b773fa-d2bd-4830-b399-ecfd18e832f3/5376053f-a413-47b6-9310-9d43bba464e9/1/urql,2021-07-03T15:11:51.836Z,2021-08-13T09:05:11.265Z,,,json,,"Transport / Mobility","Traffic counts, Cycling, Active Travel",OGL3,
"A real-time hourly upload from each cycling counter within The Highland Council's network.",Cycling Scotland,https://usmart.io/org/cyclingscotland/discovery/discovery-view-detail/c34d4636-7390-4a12-9e4f-01e7a88bd69a,https://api.usmart.io/org/d1b773fa-d2bd-4830-b399-ecfd18e832f3/7ac87fa3-45e1-40eb-9274-13359c00f195/1/urql,2021-09-25T13:17:54.110Z,2021-11-16T15:44:20.813Z,,,json,,"Transport / Mobility","Cycling, Traffic counts, Active Travel",OGL3,
"A real-time daily upload from each cycling counter within Stirling Council's network.",Cycling Scotland,https://usmart.io/org/cyclingscotland/discovery/discovery-view-detail/2baff59f-b06f-4424-b6d9-9dc0d8c1d376,https://api.usmart.io/org/d1b773fa-d2bd-4830-b399-ecfd18e832f3/127ececb-bc70-46de-a637-e159b89c6d19/1/urql,2021-08-17T15:47:37.719Z,2021-09-16T07:54:24.018Z,,,json,,"Transport / Mobility","Cycling, Traffic counts, Active Travel",OGL3,
"This data set is a real-time daily upload from each cycling counter across Scotland that is part of the National Monitoring Framework.",Cycling Scotland,https://usmart.io/org/cyclingscotland/discovery/discovery-view-detail/dd0703b8-4055-400d-9faf-868c34d7574a,https://api.usmart.io/org/d1b773fa-d2bd-4830-b399-ecfd18e832f3/5421f510-69b1-4deb-a319-135289598388/1/urql,2021-03-24T20:37:54.077Z,2021-08-13T10:42:59.290Z,,,json,,"Transport / Mobility","Cycling Scotland, Cycling, National Monitoring Framework, Active Travel",OGL3,
"A real-time hourly upload from each cycling counter within South Lanarkshire Council's network.",Cycling Scotland,https://usmart.io/org/cyclingscotland/discovery/discovery-view-detail/1ba7b643-860e-41c9-8798-106fff4720cf,https://api.usmart.io/org/d1b773fa-d2bd-4830-b399-ecfd18e832f3/33d30786-3d9e-4513-b2d1-9a67a96c831d/1/urql,2021-08-17T23:06:52.871Z,2021-11-16T16:19:02.997Z,,,json,,"Transport / Mobility","Traffic counts, Cycling, Active Travel",OGL3,
"A real-time daily upload from each cycling counter within Comhairle nan Eilean Siar's network.",Cycling Scotland,https://usmart.io/org/cyclingscotland/discovery/discovery-view-detail/95dcdb65-ced2-4291-abb2-27209c132115,https://api.usmart.io/org/d1b773fa-d2bd-4830-b399-ecfd18e832f3/76b1d034-058f-4c23-9b33-e3bc11fcf8f2/1/urql,2021-07-03T15:12:25.015Z,2021-08-13T09:05:39.634Z,,,json,,"Transport / Mobility","Active Travel, Cycling, Traffic counts",OGL3,
